-108.0,88.0,88.0,88.0,88.0,8.0,-0.0,-0.0,-0.0,-0.0,8.0,-0.0,-0.0,-0.0,-0.0,8.0,-0.0,-0.0,-0.0,-0.0,8.0,-0.0,-0.0,-0.0,-0.0,8.0,-0.0,-0.0,-0.0,-0.0,8.0,-0.0,-0.0,-0.0,-0.0,8.0,-0.0,-0.0,-0.0,-0.0,8.0,-0.0,-0.0,-0.0,-0.0,8.0,-0.0,-0.0,-0.0,-0.0,8.0,-0.0,-0.0,-0.0,-0.0,-0.0,-0.0,-0.0,-0.0,-0.0,-0.0,-0.0,-0.0,-0.0,-0.0,-0.0,-0.0,-0.0,-0.0,-0.0,-0.0,-0.0,-0.0,-0.0,-0.0,-0.0,-0.0,-0.0,-0.0,-0.0,-0.0,-0.0,-0.0,-0.0,-0.0,-0.0,-0.0,-0.0,-0.0,-0.0,-0.0,-0.0,-0.0,-0.0,-0.0,-0.0,-0.0,-0.0,-0.0,-0.0
-0.0,-108.0,88.0,88.0,88.0,-0.0,8.0,-0.0,-0.0,-0.0,-0.0,8.0,-0.0,-0.0,-0.0,-0.0,8.0,-0.0,-0.0,-0.0,-0.0,8.0,-0.0,-0.0,-0.0,-0.0,8.0,-0.0,-0.0,-0.0,-0.0,8.0,-0.0,-0.0,-0.0,-0.0,8.0,-0.0,-0.0,-0.0,-0.0,8.0,-0.0,-0.0,-0.0,-0.0,8.0,-0.0,-0.0,-0.0,-0.0,8.0,-0.0,-0.0,-0.0,-0.0,-0.0,-0.0,-0.0,-0.0,-0.0,-0.0,-0.0,-0.0,-0.0,-0.0,-0.0,-0.0,-0.0,-0.0,-0.0,-0.0,-0.0,-0.0,-0.0,-0.0,-0.0,-0.0,-0.0,-0.0,-0.0,-0.0,-0.0,-0.0,-0.0,-0.0,-0.0,-0.0,-0.0,-0.0,-0.0,-0.0,-0.0,-0.0,-0.0,-0.0,-0.0,-0.0,-0.0,-0.0
-0.0,-0.0,-104.0,88.0,88.0,-0.0,-0.0,8.0,-0.0,-0.0,-0.0,-0.0,8.0,-0.0,-0.0,-0.0,-0.0,8.0,-0.0,-0.0,-0.0,-0.0,8.0,-0.0,-0.0,-0.0,-0.0,8.0,-0.0,-0.0,-0.0,-0.0,8.0,-0.0,-0.0,-0.0,-0.0,8.0,-0.0,-0.0,-0.0,-0.0,8.0,-0.0,-0.0,-0.0,-0.0,8.0,-0.0,-0.0,-0.0,-0.0,8.0,-0.0,-0.0,-0.0,-0.0,-0.0,-0.0,-0.0,-0.0,-0.0,-0.0,-0.0,-0.0,-0.0,-0.0,-0.0,-0.0,-0.0,-0.0,-0.0,-0.0,-0.0,-0.0,-0.0,-0.0,-0.0,-0.0,-0.0,-0.0,-0.0,-0.0,-0.0,-0.0,-0.0,-0.0,-0.0,-0.0,-0.0,-0.0,-0.0,-0.0,-0.0,-0.0,-0.0,-0.0,-0.0,-0.0,-0.0
-0.0,-0.0,-0.0,-104.0,88.0,-0.0,-0.0,-0.0,8.0,-0.0,-0.0,-0.0,-0.0,8.0,-0.0,-0.0,-0.0,-0.0,8.0,-0.0,-0.0,-0.0,-0.0,8.0,-0.0,-0.0,-0.0,-0.0,8.0,-0.0,-0.0,-0.0,-0.0,8.0,-0.0,-0.0,-0.0,-0.0,8.0,-0.0,-0.0,-0.0,-0.0,8.0,-0.0,-0.0,-0.0,-0.0,8.0,-0.0,-0.0,-0.0,-0.0,8.0,-0.0,-0.0,-0.0,-0.0,-0.0,-0.0,-0.0,-0.0,-0.0,-0.0,-0.0,-0.0,-0.0,-0.0,-0.0,-0.0,-0.0,-0.0,-0.0,-0.0,-0.0,-0.0,-0.0,-0.0,-0.0,-0.0,-0.0,-0.0,-0.0,-0.0,-0.0,-0.0,-0.0,-0.0,-0.0,-0.0,-0.0,-0.0,-0.0,-0.0,-0.0,-0.0,-0.0,-0.0,-0.0,-0.0
-0.0,-0.0,-0.0,-0.0,-104.0,-0.0,-0.0,-0.0,-0.0,8.0,-0.0,-0.0,-0.0,-0.0,8.0,-0.0,-0.0,-0.0,-0.0,8.0,-0.0,-0.0,-0.0,-0.0,8.0,-0.0,-0.0,-0.0,-0.0,8.0,-0.0,-0.0,-0.0,-0.0,8.0,-0.0,-0.0,-0.0,-0.0,8.0,-0.0,-0.0,-0.0,-0.0,8.0,-0.0,-0.0,-0.0,-0.0,8.0,-0.0,-0.0,-0.0,-0.0,8.0,-0.0,-0.0,-0.0,-0.0,-0.0,-0.0,-0.0,-0.0,-0.0,-0.0,-0.0,-0.0,-0.0,-0.0,-0.0,-0.0,-0.0,-0.0,-0.0,-0.0,-0.0,-0.0,-0.0,-0.0,-0.0,-0.0,-0.0,-0.0,-0.0,-0.0,-0.0,-0.0,-0.0,-0.0,-0.0,-0.0,-0.0,-0.0,-0.0,-0.0,-0.0,-0.0,-0.0,-0.0,-0.0
-0.0,-0.0,-0.0,-0.0,-0.0,-276.0,88.0,88.0,88.0,88.0,48.0,-0.0,-0.0,-0.0,-0.0,56.0,-0.0,-0.0,-0.0,-0.0,56.0,-0.0,-0.0,-0.0,-0.0,64.0,-0.0,-0.0,-0.0,-0.0,64.0,-0.0,-0.0,-0.0,-0.0,72.0,-0.0,-0.0,-0.0,-0.0,72.0,-0.0,-0.0,-0.0,-0.0,80.0,-0.0,-0.0,-0.0,-0.0,88.0,-0.0,-0.0,-0.0,-0.0,8.0,-0.0,-0.0,-0.0,-0.0,16.0,-0.0,-0.0,-0.0,-0.0,16.0,-0.0,-0.0,-0.0,-0.0,24.0,-0.0,-0.0,-0.0,-0.0,24.0,-0.0,-0.0,-0.0,-0.0,32.0,-0.0,-0.0,-0.0,-0.0,32.0,-0.0,-0.0,-0.0,-0.0,40.0,-0.0,-0.0,-0.0,-0.0,40.0,-0.0,-0.0,-0.0,-0.0
-0.0,-0.0,-0.0,-0.0,-0.0,-0.0,-272.0,88.0,88.0,88.0,-0.0,48.0,-0.0,-0.0,-0.0,-0.0,56.0,-0.0,-0.0,-0.0,-0.0,56.0,-0.0,-0.0,-0.0,-0.0,64.0,-0.0,-0.0,-0.0,-0.0,64.0,-0.0,-0.0,-0.0,-0.0,72.0,-0.0,-0.0,-0.0,-0.0,72.0,-0.0,-0.0,-0.0,-0.0,80.0,-0.0,-0.0,-0.0,-0.0,88.0,-0.0,-0.0,-0.0,-0.0,8.0,-0.0,-0.0,-0.0,-0.0,16.0,-0.0,-0.0,-0.0,-0.0,16.0,-0.0,-0.0,-0.0,-0.0,24.0,-0.0,-0.0,-0.0,-0.0,24.0,-0.0,-0.0,-0.0,-0.0,32.0,-0.0,-0.0,-0.0,-0.0,32.0,-0.0,-0.0,-0.0,-0.0,40.0,-0.0,-0.0,-0.0,-0.0,40.0,-0.0,-0.0,-0.0
-0.0,-0.0,-0.0,-0.0,-0.0,-0.0,-0.0,-268.0,88.0,88.0,-0.0,-0.0,48.0,-0.0,-0.0,-0.0,-0.0,56.0,-0.0,-0.0,-0.0,-0.0,56.0,-0.0,-0.0,-0.0,-0.0,64.0,-0.0,-0.0,-0.0,-0.0,64.0,-0.0,-0.0,-0.0,-0.0,72.0,-0.0,-0.0,-0.0,-0.0,72.0,-0.0,-0.0,-0.0,-0.0,80.0,-0.0,-0.0,-0.0,-0.0,88.0,-0.0,-0.0,-0.0,-0.0,8.0,-0.0,-0.0,-0.0,-0.0,16.0,-0.0,-0.0,-0.0,-0.0,16.0,-0.0,-0.0,-0.0,-0.0,24.0,-0.0,-0.0,-0.0,-0.0,24.0,-0.0,-0.0,-0.0,-0.0,32.0,-0.0,-0.0,-0.0,-0.0,32.0,-0.0,-0.0,-0.0,-0.0,40.0,-0.0,-0.0,-0.0,-0.0,40.0,-0.0,-0.0
-0.0,-0.0,-0.0,-0.0,-0.0,-0.0,-0.0,-0.0,-264.0,88.0,-0.0,-0.0,-0.0,48.0,-0.0,-0.0,-0.0,-0.0,56.0,-0.0,-0.0,-0.0,-0.0,56.0,-0.0,-0.0,-0.0,-0.0,64.0,-0.0,-0.0,-0.0,-0.0,64.0,-0.0,-0.0,-0.0,-0.0,72.0,-0.0,-0.0,-0.0,-0.0,72.0,-0.0,-0.0,-0.0,-0.0,80.0,-0.0,-0.0,-0.0,-0.0,88.0,-0.0,-0.0,-0.0,-0.0,8.0,-0.0,-0.0,-0.0,-0.0,16.0,-0.0,-0.0,-0.0,-0.0,16.0,-0.0,-0.0,-0.0,-0.0,24.0,-0.0,-0.0,-0.0,-0.0,24.0,-0.0,-0.0,-0.0,-0.0,32.0,-0.0,-0.0,-0.0,-0.0,32.0,-0.0,-0.0,-0.0,-0.0,40.0,-0.0,-0.0,-0.0,-0.0,40.0,-0.0
-0.0,-0.0,-0.0,-0.0,-0.0,-0.0,-0.0,-0.0,-0.0,-260.0,-0.0,-0.0,-0.0,-0.0,48.0,-0.0,-0.0,-0.0,-0.0,56.0,-0.0,-0.0,-0.0,-0.0,56.0,-0.0,-0.0,-0.0,-0.0,64.0,-0.0,-0.0,-0.0,-0.0,64.0,-0.0,-0.0,-0.0,-0.0,72.0,-0.0,-0.0,-0.0,-0.0,72.0,-0.0,-0.0,-0.0,-0.0,80.0,-0.0,-0.0,-0.0,-0.0,88.0,-0.0,-0.0,-0.0,-0.0,8.0,-0.0,-0.0,-0.0,-0.0,16.0,-0.0,-0.0,-0.0,-0.0,16.0,-0.0,-0.0,-0.0,-0.0,24.0,-0.0,-0.0,-0.0,-0.0,24.0,-0.0,-0.0,-0.0,-0.0,32.0,-0.0,-0.0,-0.0,-0.0,32.0,-0.0,-0.0,-0.0,-0.0,40.0,-0.0,-0.0,-0.0,-0.0,40.0
-0.0,-0.0,-0.0,-0.0,-0.0,-0.0,-0.0,-0.0,-0.0,-0.0,-292.0,88.0,88.0,88.0,88.0,56.0,-0.0,-0.0,-0.0,-0.0,64.0,-0.0,-0.0,-0.0,-0.0,72.0,-0.0,-0.0,-0.0,-0.0,72.0,-0.0,-0.0,-0.0,-0.0,80.0,-0.0,-0.0,-0.0,-0.0,80.0,-0.0,-0.0,-0.0,-0.0,88.0,-0.0,-0.0,-0.0,-0.0,96.0,-0.0,-0.0,-0.0,-0.0,8.0,-0.0,-0.0,-0.0,-0.0,16.0,-0.0,-0.0,-0.0,-0.0,16.0,-0.0,-0.0,-0.0,-0.0,24.0,-0.0,-0.0,-0.0,-0.0,24.0,-0.0,-0.0,-0.0,-0.0,32.0,-0.0,-0.0,-0.0,-0.0,40.0,-0.0,-0.0,-0.0,-0.0,40.0,-0.0,-0.0,-0.0,-0.0,48.0,-0.0,-0.0,-0.0,-0.0
-0.0,-0.0,-0.0,-0.0,-0.0,-0.0,-0.0,-0.0,-0.0,-0.0,-0.0,-288.0,88.0,88.0,88.0,-0.0,56.0,-0.0,-0.0,-0.0,-0.0,64.0,-0.0,-0.0,-0.0,-0.0,72.0,-0.0,-0.0,-0.0,-0.0,72.0,-0.0,-0.0,-0.0,-0.0,80.0,-0.0,-0.0,-0.0,-0.0,80.0,-0.0,-0.0,-0.0,-0.0,88.0,-0.0,-0.0,-0.0,-0.0,96.0,-0.0,-0.0,-0.0,-0.0,8.0,-0.0,-0.0,-0.0,-0.0,16.0,-0.0,-0.0,-0.0,-0.0,16.0,-0.0,-0.0,-0.0,-0.0,24.0,-0.0,-0.0,-0.0,-0.0,24.0,-0.0,-0.0,-0.0,-0.0,32.0,-0.0,-0.0,-0.0,-0.0,40.0,-0.0,-0.0,-0.0,-0.0,40.0,-0.0,-0.0,-0.0,-0.0,48.0,-0.0,-0.0,-0.0
-0.0,-0.0,-0.0,-0.0,-0.0,-0.0,-0.0,-0.0,-0.0,-0.0,-0.0,-0.0,-284.0,88.0,88.0,-0.0,-0.0,56.0,-0.0,-0.0,-0.0,-0.0,64.0,-0.0,-0.0,-0.0,-0.0,72.0,-0.0,-0.0,-0.0,-0.0,72.0,-0.0,-0.0,-0.0,-0.0,80.0,-0.0,-0.0,-0.0,-0.0,80.0,-0.0,-0.0,-0.0,-0.0,88.0,-0.0,-0.0,-0.0,-0.0,96.0,-0.0,-0.0,-0.0,-0.0,8.0,-0.0,-0.0,-0.0,-0.0,16.0,-0.0,-0.0,-0.0,-0.0,16.0,-0.0,-0.0,-0.0,-0.0,24.0,-0.0,-0.0,-0.0,-0.0,24.0,-0.0,-0.0,-0.0,-0.0,32.0,-0.0,-0.0,-0.0,-0.0,40.0,-0.0,-0.0,-0.0,-0.0,40.0,-0.0,-0.0,-0.0,-0.0,48.0,-0.0,-0.0
-0.0,-0.0,-0.0,-0.0,-0.0,-0.0,-0.0,-0.0,-0.0,-0.0,-0.0,-0.0,-0.0,-280.0,88.0,-0.0,-0.0,-0.0,56.0,-0.0,-0.0,-0.0,-0.0,64.0,-0.0,-0.0,-0.0,-0.0,72.0,-0.0,-0.0,-0.0,-0.0,72.0,-0.0,-0.0,-0.0,-0.0,80.0,-0.0,-0.0,-0.0,-0.0,80.0,-0.0,-0.0,-0.0,-0.0,88.0,-0.0,-0.0,-0.0,-0.0,96.0,-0.0,-0.0,-0.0,-0.0,8.0,-0.0,-0.0,-0.0,-0.0,16.0,-0.0,-0.0,-0.0,-0.0,16.0,-0.0,-0.0,-0.0,-0.0,24.0,-0.0,-0.0,-0.0,-0.0,24.0,-0.0,-0.0,-0.0,-0.0,32.0,-0.0,-0.0,-0.0,-0.0,40.0,-0.0,-0.0,-0.0,-0.0,40.0,-0.0,-0.0,-0.0,-0.0,48.0,-0.0
-0.0,-0.0,-0.0,-0.0,-0.0,-0.0,-0.0,-0.0,-0.0,-0.0,-0.0,-0.0,-0.0,-0.0,-276.0,-0.0,-0.0,-0.0,-0.0,56.0,-0.0,-0.0,-0.0,-0.0,64.0,-0.0,-0.0,-0.0,-0.0,72.0,-0.0,-0.0,-0.0,-0.0,72.0,-0.0,-0.0,-0.0,-0.0,80.0,-0.0,-0.0,-0.0,-0.0,80.0,-0.0,-0.0,-0.0,-0.0,88.0,-0.0,-0.0,-0.0,-0.0,96.0,-0.0,-0.0,-0.0,-0.0,8.0,-0.0,-0.0,-0.0,-0.0,16.0,-0.0,-0.0,-0.0,-0.0,16.0,-0.0,-0.0,-0.0,-0.0,24.0,-0.0,-0.0,-0.0,-0.0,24.0,-0.0,-0.0,-0.0,-0.0,32.0,-0.0,-0.0,-0.0,-0.0,40.0,-0.0,-0.0,-0.0,-0.0,40.0,-0.0,-0.0,-0.0,-0.0,48.0
-0.0,-0.0,-0.0,-0.0,-0.0,-0.0,-0.0,-0.0,-0.0,-0.0,-0.0,-0.0,-0.0,-0.0,-0.0,-308.0,88.0,88.0,88.0,88.0,72.0,-0.0,-0.0,-0.0,-0.0,72.0,-0.0,-0.0,-0.0,-0.0,80.0,-0.0,-0.0,-0.0,-0.0,88.0,-0.0,-0.0,-0.0,-0.0,88.0,-0.0,-0.0,-0.0,-0.0,96.0,-0.0,-0.0,-0.0,-0.0,96.0,-0.0,-0.0,-0.0,-0.0,8.0,-0.0,-0.0,-0.0,-0.0,16.0,-0.0,-0.0,-0.0,-0.0,16.0,-0.0,-0.0,-0.0,-0.0,24.0,-0.0,-0.0,-0.0,-0.0,32.0,-0.0,-0.0,-0.0,-0.0,32.0,-0.0,-0.0,-0.0,-0.0,40.0,-0.0,-0.0,-0.0,-0.0,48.0,-0.0,-0.0,-0.0,-0.0,48.0,-0.0,-0.0,-0.0,-0.0
-0.0,-0.0,-0.0,-0.0,-0.0,-0.0,-0.0,-0.0,-0.0,-0.0,-0.0,-0.0,-0.0,-0.0,-0.0,-0.0,-300.0,88.0,88.0,88.0,-0.0,72.0,-0.0,-0.0,-0.0,-0.0,72.0,-0.0,-0.0,-0.0,-0.0,80.0,-0.0,-0.0,-0.0,-0.0,88.0,-0.0,-0.0,-0.0,-0.0,88.0,-0.0,-0.0,-0.0,-0.0,96.0,-0.0,-0.0,-0.0,-0.0,96.0,-0.0,-0.0,-0.0,-0.0,8.0,-0.0,-0.0,-0.0,-0.0,16.0,-0.0,-0.0,-0.0,-0.0,16.0,-0.0,-0.0,-0.0,-0.0,24.0,-0.0,-0.0,-0.0,-0.0,32.0,-0.0,-0.0,-0.0,-0.0,32.0,-0.0,-0.0,-0.0,-0.0,40.0,-0.0,-0.0,-0.0,-0.0,48.0,-0.0,-0.0,-0.0,-0.0,48.0,-0.0,-0.0,-0.0
-0.0,-0.0,-0.0,-0.0,-0.0,-0.0,-0.0,-0.0,-0.0,-0.0,-0.0,-0.0,-0.0,-0.0,-0.0,-0.0,-0.0,-296.0,88.0,88.0,-0.0,-0.0,72.0,-0.0,-0.0,-0.0,-0.0,72.0,-0.0,-0.0,-0.0,-0.0,80.0,-0.0,-0.0,-0.0,-0.0,88.0,-0.0,-0.0,-0.0,-0.0,88.0,-0.0,-0.0,-0.0,-0.0,96.0,-0.0,-0.0,-0.0,-0.0,96.0,-0.0,-0.0,-0.0,-0.0,8.0,-0.0,-0.0,-0.0,-0.0,16.0,-0.0,-0.0,-0.0,-0.0,16.0,-0.0,-0.0,-0.0,-0.0,24.0,-0.0,-0.0,-0.0,-0.0,32.0,-0.0,-0.0,-0.0,-0.0,32.0,-0.0,-0.0,-0.0,-0.0,40.0,-0.0,-0.0,-0.0,-0.0,48.0,-0.0,-0.0,-0.0,-0.0,48.0,-0.0,-0.0
-0.0,-0.0,-0.0,-0.0,-0.0,-0.0,-0.0,-0.0,-0.0,-0.0,-0.0,-0.0,-0.0,-0.0,-0.0,-0.0,-0.0,-0.0,-292.0,88.0,-0.0,-0.0,-0.0,72.0,-0.0,-0.0,-0.0,-0.0,72.0,-0.0,-0.0,-0.0,-0.0,80.0,-0.0,-0.0,-0.0,-0.0,88.0,-0.0,-0.0,-0.0,-0.0,88.0,-0.0,-0.0,-0.0,-0.0,96.0,-0.0,-0.0,-0.0,-0.0,96.0,-0.0,-0.0,-0.0,-0.0,8.0,-0.0,-0.0,-0.0,-0.0,16.0,-0.0,-0.0,-0.0,-0.0,16.0,-0.0,-0.0,-0.0,-0.0,24.0,-0.0,-0.0,-0.0,-0.0,32.0,-0.0,-0.0,-0.0,-0.0,32.0,-0.0,-0.0,-0.0,-0.0,40.0,-0.0,-0.0,-0.0,-0.0,48.0,-0.0,-0.0,-0.0,-0.0,48.0,-0.0
-0.0,-0.0,-0.0,-0.0,-0.0,-0.0,-0.0,-0.0,-0.0,-0.0,-0.0,-0.0,-0.0,-0.0,-0.0,-0.0,-0.0,-0.0,-0.0,-288.0,-0.0,-0.0,-0.0,-0.0,72.0,-0.0,-0.0,-0.0,-0.0,72.0,-0.0,-0.0,-0.0,-0.0,80.0,-0.0,-0.0,-0.0,-0.0,88.0,-0.0,-0.0,-0.0,-0.0,88.0,-0.0,-0.0,-0.0,-0.0,96.0,-0.0,-0.0,-0.0,-0.0,96.0,-0.0,-0.0,-0.0,-0.0,8.0,-0.0,-0.0,-0.0,-0.0,16.0,-0.0,-0.0,-0.0,-0.0,16.0,-0.0,-0.0,-0.0,-0.0,24.0,-0.0,-0.0,-0.0,-0.0,32.0,-0.0,-0.0,-0.0,-0.0,32.0,-0.0,-0.0,-0.0,-0.0,40.0,-0.0,-0.0,-0.0,-0.0,48.0,-0.0,-0.0,-0.0,-0.0,48.0
-0.0,-0.0,-0.0,-0.0,-0.0,-0.0,-0.0,-0.0,-0.0,-0.0,-0.0,-0.0,-0.0,-0.0,-0.0,-0.0,-0.0,-0.0,-0.0,-0.0,-324.0,88.0,88.0,88.0,88.0,80.0,-0.0,-0.0,-0.0,-0.0,88.0,-0.0,-0.0,-0.0,-0.0,88.0,-0.0,-0.0,-0.0,-0.0,96.0,-0.0,-0.0,-0.0,-0.0,104.0,-0.0,-0.0,-0.0,-0.0,104.0,-0.0,-0.0,-0.0,-0.0,8.0,-0.0,-0.0,-0.0,-0.0,16.0,-0.0,-0.0,-0.0,-0.0,24.0,-0.0,-0.0,-0.0,-0.0,24.0,-0.0,-0.0,-0.0,-0.0,32.0,-0.0,-0.0,-0.0,-0.0,40.0,-0.0,-0.0,-0.0,-0.0,40.0,-0.0,-0.0,-0.0,-0.0,48.0,-0.0,-0.0,-0.0,-0.0,56.0,-0.0,-0.0,-0.0,-0.0
-0.0,-0.0,-0.0,-0.0,-0.0,-0.0,-0.0,-0.0,-0.0,-0.0,-0.0,-0.0,-0.0,-0.0,-0.0,-0.0,-0.0,-0.0,-0.0,-0.0,-0.0,-320.0,88.0,88.0,88.0,-0.0,80.0,-0.0,-0.0,-0.0,-0.0,88.0,-0.0,-0.0,-0.0,-0.0,88.0,-0.0,-0.0,-0.0,-0.0,96.0,-0.0,-0.0,-0.0,-0.0,104.0,-0.0,-0.0,-0.0,-0.0,104.0,-0.0,-0.0,-0.0,-0.0,8.0,-0.0,-0.0,-0.0,-0.0,16.0,-0.0,-0.0,-0.0,-0.0,24.0,-0.0,-0.0,-0.0,-0.0,24.0,-0.0,-0.0,-0.0,-0.0,32.0,-0.0,-0.0,-0.0,-0.0,40.0,-0.0,-0.0,-0.0,-0.0,40.0,-0.0,-0.0,-0.0,-0.0,48.0,-0.0,-0.0,-0.0,-0.0,56.0,-0.0,-0.0,-0.0
-0.0,-0.0,-0.0,-0.0,-0.0,-0.0,-0.0,-0.0,-0.0,-0.0,-0.0,-0.0,-0.0,-0.0,-0.0,-0.0,-0.0,-0.0,-0.0,-0.0,-0.0,-0.0,-312.0,88.0,88.0,-0.0,-0.0,80.0,-0.0,-0.0,-0.0,-0.0,88.0,-0.0,-0.0,-0.0,-0.0,88.0,-0.0,-0.0,-0.0,-0.0,96.0,-0.0,-0.0,-0.0,-0.0,104.0,-0.0,-0.0,-0.0,-0.0,104.0,-0.0,-0.0,-0.0,-0.0,8.0,-0.0,-0.0,-0.0,-0.0,16.0,-0.0,-0.0,-0.0,-0.0,24.0,-0.0,-0.0,-0.0,-0.0,24.0,-0.0,-0.0,-0.0,-0.0,32.0,-0.0,-0.0,-0.0,-0.0,40.0,-0.0,-0.0,-0.0,-0.0,40.0,-0.0,-0.0,-0.0,-0.0,48.0,-0.0,-0.0,-0.0,-0.0,56.0,-0.0,-0.0
-0.0,-0.0,-0.0,-0.0,-0.0,-0.0,-0.0,-0.0,-0.0,-0.0,-0.0,-0.0,-0.0,-0.0,-0.0,-0.0,-0.0,-0.0,-0.0,-0.0,-0.0,-0.0,-0.0,-308.0,88.0,-0.0,-0.0,-0.0,80.0,-0.0,-0.0,-0.0,-0.0,88.0,-0.0,-0.0,-0.0,-0.0,88.0,-0.0,-0.0,-0.0,-0.0,96.0,-0.0,-0.0,-0.0,-0.0,104.0,-0.0,-0.0,-0.0,-0.0,104.0,-0.0,-0.0,-0.0,-0.0,8.0,-0.0,-0.0,-0.0,-0.0,16.0,-0.0,-0.0,-0.0,-0.0,24.0,-0.0,-0.0,-0.0,-0.0,24.0,-0.0,-0.0,-0.0,-0.0,32.0,-0.0,-0.0,-0.0,-0.0,40.0,-0.0,-0.0,-0.0,-0.0,40.0,-0.0,-0.0,-0.0,-0.0,48.0,-0.0,-0.0,-0.0,-0.0,56.0,-0.0
-0.0,-0.0,-0.0,-0.0,-0.0,-0.0,-0.0,-0.0,-0.0,-0.0,-0.0,-0.0,-0.0,-0.0,-0.0,-0.0,-0.0,-0.0,-0.0,-0.0,-0.0,-0.0,-0.0,-0.0,-304.0,-0.0,-0.0,-0.0,-0.0,80.0,-0.0,-0.0,-0.0,-0.0,88.0,-0.0,-0.0,-0.0,-0.0,88.0,-0.0,-0.0,-0.0,-0.0,96.0,-0.0,-0.0,-0.0,-0.0,104.0,-0.0,-0.0,-0.0,-0.0,104.0,-0.0,-0.0,-0.0,-0.0,8.0,-0.0,-0.0,-0.0,-0.0,16.0,-0.0,-0.0,-0.0,-0.0,24.0,-0.0,-0.0,-0.0,-0.0,24.0,-0.0,-0.0,-0.0,-0.0,32.0,-0.0,-0.0,-0.0,-0.0,40.0,-0.0,-0.0,-0.0,-0.0,40.0,-0.0,-0.0,-0.0,-0.0,48.0,-0.0,-0.0,-0.0,-0.0,56.0
-0.0,-0.0,-0.0,-0.0,-0.0,-0.0,-0.0,-0.0,-0.0,-0.0,-0.0,-0.0,-0.0,-0.0,-0.0,-0.0,-0.0,-0.0,-0.0,-0.0,-0.0,-0.0,-0.0,-0.0,-0.0,-344.0,88.0,88.0,88.0,88.0,96.0,-0.0,-0.0,-0.0,-0.0,96.0,-0.0,-0.0,-0.0,-0.0,104.0,-0.0,-0.0,-0.0,-0.0,112.0,-0.0,-0.0,-0.0,-0.0,112.0,-0.0,-0.0,-0.0,-0.0,8.0,-0.0,-0.0,-0.0,-0.0,16.0,-0.0,-0.0,-0.0,-0.0,24.0,-0.0,-0.0,-0.0,-0.0,32.0,-0.0,-0.0,-0.0,-0.0,32.0,-0.0,-0.0,-0.0,-0.0,40.0,-0.0,-0.0,-0.0,-0.0,48.0,-0.0,-0.0,-0.0,-0.0,48.0,-0.0,-0.0,-0.0,-0.0,56.0,-0.0,-0.0,-0.0,-0.0
-0.0,-0.0,-0.0,-0.0,-0.0,-0.0,-0.0,-0.0,-0.0,-0.0,-0.0,-0.0,-0.0,-0.0,-0.0,-0.0,-0.0,-0.0,-0.0,-0.0,-0.0,-0.0,-0.0,-0.0,-0.0,-0.0,-336.0,88.0,88.0,88.0,-0.0,96.0,-0.0,-0.0,-0.0,-0.0,96.0,-0.0,-0.0,-0.0,-0.0,104.0,-0.0,-0.0,-0.0,-0.0,112.0,-0.0,-0.0,-0.0,-0.0,112.0,-0.0,-0.0,-0.0,-0.0,8.0,-0.0,-0.0,-0.0,-0.0,16.0,-0.0,-0.0,-0.0,-0.0,24.0,-0.0,-0.0,-0.0,-0.0,32.0,-0.0,-0.0,-0.0,-0.0,32.0,-0.0,-0.0,-0.0,-0.0,40.0,-0.0,-0.0,-0.0,-0.0,48.0,-0.0,-0.0,-0.0,-0.0,48.0,-0.0,-0.0,-0.0,-0.0,56.0,-0.0,-0.0,-0.0
-0.0,-0.0,-0.0,-0.0,-0.0,-0.0,-0.0,-0.0,-0.0,-0.0,-0.0,-0.0,-0.0,-0.0,-0.0,-0.0,-0.0,-0.0,-0.0,-0.0,-0.0,-0.0,-0.0,-0.0,-0.0,-0.0,-0.0,-332.0,88.0,88.0,-0.0,-0.0,96.0,-0.0,-0.0,-0.0,-0.0,96.0,-0.0,-0.0,-0.0,-0.0,104.0,-0.0,-0.0,-0.0,-0.0,112.0,-0.0,-0.0,-0.0,-0.0,112.0,-0.0,-0.0,-0.0,-0.0,8.0,-0.0,-0.0,-0.0,-0.0,16.0,-0.0,-0.0,-0.0,-0.0,24.0,-0.0,-0.0,-0.0,-0.0,32.0,-0.0,-0.0,-0.0,-0.0,32.0,-0.0,-0.0,-0.0,-0.0,40.0,-0.0,-0.0,-0.0,-0.0,48.0,-0.0,-0.0,-0.0,-0.0,48.0,-0.0,-0.0,-0.0,-0.0,56.0,-0.0,-0.0
-0.0,-0.0,-0.0,-0.0,-0.0,-0.0,-0.0,-0.0,-0.0,-0.0,-0.0,-0.0,-0.0,-0.0,-0.0,-0.0,-0.0,-0.0,-0.0,-0.0,-0.0,-0.0,-0.0,-0.0,-0.0,-0.0,-0.0,-0.0,-324.0,88.0,-0.0,-0.0,-0.0,96.0,-0.0,-0.0,-0.0,-0.0,96.0,-0.0,-0.0,-0.0,-0.0,104.0,-0.0,-0.0,-0.0,-0.0,112.0,-0.0,-0.0,-0.0,-0.0,112.0,-0.0,-0.0,-0.0,-0.0,8.0,-0.0,-0.0,-0.0,-0.0,16.0,-0.0,-0.0,-0.0,-0.0,24.0,-0.0,-0.0,-0.0,-0.0,32.0,-0.0,-0.0,-0.0,-0.0,32.0,-0.0,-0.0,-0.0,-0.0,40.0,-0.0,-0.0,-0.0,-0.0,48.0,-0.0,-0.0,-0.0,-0.0,48.0,-0.0,-0.0,-0.0,-0.0,56.0,-0.0
-0.0,-0.0,-0.0,-0.0,-0.0,-0.0,-0.0,-0.0,-0.0,-0.0,-0.0,-0.0,-0.0,-0.0,-0.0,-0.0,-0.0,-0.0,-0.0,-0.0,-0.0,-0.0,-0.0,-0.0,-0.0,-0.0,-0.0,-0.0,-0.0,-320.0,-0.0,-0.0,-0.0,-0.0,96.0,-0.0,-0.0,-0.0,-0.0,96.0,-0.0,-0.0,-0.0,-0.0,104.0,-0.0,-0.0,-0.0,-0.0,112.0,-0.0,-0.0,-0.0,-0.0,112.0,-0.0,-0.0,-0.0,-0.0,8.0,-0.0,-0.0,-0.0,-0.0,16.0,-0.0,-0.0,-0.0,-0.0,24.0,-0.0,-0.0,-0.0,-0.0,32.0,-0.0,-0.0,-0.0,-0.0,32.0,-0.0,-0.0,-0.0,-0.0,40.0,-0.0,-0.0,-0.0,-0.0,48.0,-0.0,-0.0,-0.0,-0.0,48.0,-0.0,-0.0,-0.0,-0.0,56.0
-0.0,-0.0,-0.0,-0.0,-0.0,-0.0,-0.0,-0.0,-0.0,-0.0,-0.0,-0.0,-0.0,-0.0,-0.0,-0.0,-0.0,-0.0,-0.0,-0.0,-0.0,-0.0,-0.0,-0.0,-0.0,-0.0,-0.0,-0.0,-0.0,-0.0,-364.0,88.0,88.0,88.0,88.0,104.0,-0.0,-0.0,-0.0,-0.0,112.0,-0.0,-0.0,-0.0,-0.0,120.0,-0.0,-0.0,-0.0,-0.0,120.0,-0.0,-0.0,-0.0,-0.0,16.0,-0.0,-0.0,-0.0,-0.0,16.0,-0.0,-0.0,-0.0,-0.0,24.0,-0.0,-0.0,-0.0,-0.0,32.0,-0.0,-0.0,-0.0,-0.0,40.0,-0.0,-0.0,-0.0,-0.0,40.0,-0.0,-0.0,-0.0,-0.0,48.0,-0.0,-0.0,-0.0,-0.0,56.0,-0.0,-0.0,-0.0,-0.0,64.0,-0.0,-0.0,-0.0,-0.0
-0.0,-0.0,-0.0,-0.0,-0.0,-0.0,-0.0,-0.0,-0.0,-0.0,-0.0,-0.0,-0.0,-0.0,-0.0,-0.0,-0.0,-0.0,-0.0,-0.0,-0.0,-0.0,-0.0,-0.0,-0.0,-0.0,-0.0,-0.0,-0.0,-0.0,-0.0,-360.0,88.0,88.0,88.0,-0.0,104.0,-0.0,-0.0,-0.0,-0.0,112.0,-0.0,-0.0,-0.0,-0.0,120.0,-0.0,-0.0,-0.0,-0.0,120.0,-0.0,-0.0,-0.0,-0.0,16.0,-0.0,-0.0,-0.0,-0.0,16.0,-0.0,-0.0,-0.0,-0.0,24.0,-0.0,-0.0,-0.0,-0.0,32.0,-0.0,-0.0,-0.0,-0.0,40.0,-0.0,-0.0,-0.0,-0.0,40.0,-0.0,-0.0,-0.0,-0.0,48.0,-0.0,-0.0,-0.0,-0.0,56.0,-0.0,-0.0,-0.0,-0.0,64.0,-0.0,-0.0,-0.0
-0.0,-0.0,-0.0,-0.0,-0.0,-0.0,-0.0,-0.0,-0.0,-0.0,-0.0,-0.0,-0.0,-0.0,-0.0,-0.0,-0.0,-0.0,-0.0,-0.0,-0.0,-0.0,-0.0,-0.0,-0.0,-0.0,-0.0,-0.0,-0.0,-0.0,-0.0,-0.0,-352.0,88.0,88.0,-0.0,-0.0,104.0,-0.0,-0.0,-0.0,-0.0,112.0,-0.0,-0.0,-0.0,-0.0,120.0,-0.0,-0.0,-0.0,-0.0,120.0,-0.0,-0.0,-0.0,-0.0,16.0,-0.0,-0.0,-0.0,-0.0,16.0,-0.0,-0.0,-0.0,-0.0,24.0,-0.0,-0.0,-0.0,-0.0,32.0,-0.0,-0.0,-0.0,-0.0,40.0,-0.0,-0.0,-0.0,-0.0,40.0,-0.0,-0.0,-0.0,-0.0,48.0,-0.0,-0.0,-0.0,-0.0,56.0,-0.0,-0.0,-0.0,-0.0,64.0,-0.0,-0.0
-0.0,-0.0,-0.0,-0.0,-0.0,-0.0,-0.0,-0.0,-0.0,-0.0,-0.0,-0.0,-0.0,-0.0,-0.0,-0.0,-0.0,-0.0,-0.0,-0.0,-0.0,-0.0,-0.0,-0.0,-0.0,-0.0,-0.0,-0.0,-0.0,-0.0,-0.0,-0.0,-0.0,-348.0,88.0,-0.0,-0.0,-0.0,104.0,-0.0,-0.0,-0.0,-0.0,112.0,-0.0,-0.0,-0.0,-0.0,120.0,-0.0,-0.0,-0.0,-0.0,120.0,-0.0,-0.0,-0.0,-0.0,16.0,-0.0,-0.0,-0.0,-0.0,16.0,-0.0,-0.0,-0.0,-0.0,24.0,-0.0,-0.0,-0.0,-0.0,32.0,-0.0,-0.0,-0.0,-0.0,40.0,-0.0,-0.0,-0.0,-0.0,40.0,-0.0,-0.0,-0.0,-0.0,48.0,-0.0,-0.0,-0.0,-0.0,56.0,-0.0,-0.0,-0.0,-0.0,64.0,-0.0
-0.0,-0.0,-0.0,-0.0,-0.0,-0.0,-0.0,-0.0,-0.0,-0.0,-0.0,-0.0,-0.0,-0.0,-0.0,-0.0,-0.0,-0.0,-0.0,-0.0,-0.0,-0.0,-0.0,-0.0,-0.0,-0.0,-0.0,-0.0,-0.0,-0.0,-0.0,-0.0,-0.0,-0.0,-340.0,-0.0,-0.0,-0.0,-0.0,104.0,-0.0,-0.0,-0.0,-0.0,112.0,-0.0,-0.0,-0.0,-0.0,120.0,-0.0,-0.0,-0.0,-0.0,120.0,-0.0,-0.0,-0.0,-0.0,16.0,-0.0,-0.0,-0.0,-0.0,16.0,-0.0,-0.0,-0.0,-0.0,24.0,-0.0,-0.0,-0.0,-0.0,32.0,-0.0,-0.0,-0.0,-0.0,40.0,-0.0,-0.0,-0.0,-0.0,40.0,-0.0,-0.0,-0.0,-0.0,48.0,-0.0,-0.0,-0.0,-0.0,56.0,-0.0,-0.0,-0.0,-0.0,64.0
-0.0,-0.0,-0.0,-0.0,-0.0,-0.0,-0.0,-0.0,-0.0,-0.0,-0.0,-0.0,-0.0,-0.0,-0.0,-0.0,-0.0,-0.0,-0.0,-0.0,-0.0,-0.0,-0.0,-0.0,-0.0,-0.0,-0.0,-0.0,-0.0,-0.0,-0.0,-0.0,-0.0,-0.0,-0.0,-376.0,88.0,88.0,88.0,88.0,120.0,-0.0,-0.0,-0.0,-0.0,120.0,-0.0,-0.0,-0.0,-0.0,128.0,-0.0,-0.0,-0.0,-0.0,16.0,-0.0,-0.0,-0.0,-0.0,16.0,-0.0,-0.0,-0.0,-0.0,24.0,-0.0,-0.0,-0.0,-0.0,32.0,-0.0,-0.0,-0.0,-0.0,40.0,-0.0,-0.0,-0.0,-0.0,48.0,-0.0,-0.0,-0.0,-0.0,56.0,-0.0,-0.0,-0.0,-0.0,56.0,-0.0,-0.0,-0.0,-0.0,64.0,-0.0,-0.0,-0.0,-0.0
-0.0,-0.0,-0.0,-0.0,-0.0,-0.0,-0.0,-0.0,-0.0,-0.0,-0.0,-0.0,-0.0,-0.0,-0.0,-0.0,-0.0,-0.0,-0.0,-0.0,-0.0,-0.0,-0.0,-0.0,-0.0,-0.0,-0.0,-0.0,-0.0,-0.0,-0.0,-0.0,-0.0,-0.0,-0.0,-0.0,-368.0,88.0,88.0,88.0,-0.0,120.0,-0.0,-0.0,-0.0,-0.0,120.0,-0.0,-0.0,-0.0,-0.0,128.0,-0.0,-0.0,-0.0,-0.0,16.0,-0.0,-0.0,-0.0,-0.0,16.0,-0.0,-0.0,-0.0,-0.0,24.0,-0.0,-0.0,-0.0,-0.0,32.0,-0.0,-0.0,-0.0,-0.0,40.0,-0.0,-0.0,-0.0,-0.0,48.0,-0.0,-0.0,-0.0,-0.0,56.0,-0.0,-0.0,-0.0,-0.0,56.0,-0.0,-0.0,-0.0,-0.0,64.0,-0.0,-0.0,-0.0
-0.0,-0.0,-0.0,-0.0,-0.0,-0.0,-0.0,-0.0,-0.0,-0.0,-0.0,-0.0,-0.0,-0.0,-0.0,-0.0,-0.0,-0.0,-0.0,-0.0,-0.0,-0.0,-0.0,-0.0,-0.0,-0.0,-0.0,-0.0,-0.0,-0.0,-0.0,-0.0,-0.0,-0.0,-0.0,-0.0,-0.0,-364.0,88.0,88.0,-0.0,-0.0,120.0,-0.0,-0.0,-0.0,-0.0,120.0,-0.0,-0.0,-0.0,-0.0,128.0,-0.0,-0.0,-0.0,-0.0,16.0,-0.0,-0.0,-0.0,-0.0,16.0,-0.0,-0.0,-0.0,-0.0,24.0,-0.0,-0.0,-0.0,-0.0,32.0,-0.0,-0.0,-0.0,-0.0,40.0,-0.0,-0.0,-0.0,-0.0,48.0,-0.0,-0.0,-0.0,-0.0,56.0,-0.0,-0.0,-0.0,-0.0,56.0,-0.0,-0.0,-0.0,-0.0,64.0,-0.0,-0.0
-0.0,-0.0,-0.0,-0.0,-0.0,-0.0,-0.0,-0.0,-0.0,-0.0,-0.0,-0.0,-0.0,-0.0,-0.0,-0.0,-0.0,-0.0,-0.0,-0.0,-0.0,-0.0,-0.0,-0.0,-0.0,-0.0,-0.0,-0.0,-0.0,-0.0,-0.0,-0.0,-0.0,-0.0,-0.0,-0.0,-0.0,-0.0,-356.0,88.0,-0.0,-0.0,-0.0,120.0,-0.0,-0.0,-0.0,-0.0,120.0,-0.0,-0.0,-0.0,-0.0,128.0,-0.0,-0.0,-0.0,-0.0,16.0,-0.0,-0.0,-0.0,-0.0,16.0,-0.0,-0.0,-0.0,-0.0,24.0,-0.0,-0.0,-0.0,-0.0,32.0,-0.0,-0.0,-0.0,-0.0,40.0,-0.0,-0.0,-0.0,-0.0,48.0,-0.0,-0.0,-0.0,-0.0,56.0,-0.0,-0.0,-0.0,-0.0,56.0,-0.0,-0.0,-0.0,-0.0,64.0,-0.0
-0.0,-0.0,-0.0,-0.0,-0.0,-0.0,-0.0,-0.0,-0.0,-0.0,-0.0,-0.0,-0.0,-0.0,-0.0,-0.0,-0.0,-0.0,-0.0,-0.0,-0.0,-0.0,-0.0,-0.0,-0.0,-0.0,-0.0,-0.0,-0.0,-0.0,-0.0,-0.0,-0.0,-0.0,-0.0,-0.0,-0.0,-0.0,-0.0,-348.0,-0.0,-0.0,-0.0,-0.0,120.0,-0.0,-0.0,-0.0,-0.0,120.0,-0.0,-0.0,-0.0,-0.0,128.0,-0.0,-0.0,-0.0,-0.0,16.0,-0.0,-0.0,-0.0,-0.0,16.0,-0.0,-0.0,-0.0,-0.0,24.0,-0.0,-0.0,-0.0,-0.0,32.0,-0.0,-0.0,-0.0,-0.0,40.0,-0.0,-0.0,-0.0,-0.0,48.0,-0.0,-0.0,-0.0,-0.0,56.0,-0.0,-0.0,-0.0,-0.0,56.0,-0.0,-0.0,-0.0,-0.0,64.0
-0.0,-0.0,-0.0,-0.0,-0.0,-0.0,-0.0,-0.0,-0.0,-0.0,-0.0,-0.0,-0.0,-0.0,-0.0,-0.0,-0.0,-0.0,-0.0,-0.0,-0.0,-0.0,-0.0,-0.0,-0.0,-0.0,-0.0,-0.0,-0.0,-0.0,-0.0,-0.0,-0.0,-0.0,-0.0,-0.0,-0.0,-0.0,-0.0,-0.0,-392.0,88.0,88.0,88.0,88.0,128.0,-0.0,-0.0,-0.0,-0.0,136.0,-0.0,-0.0,-0.0,-0.0,16.0,-0.0,-0.0,-0.0,-0.0,24.0,-0.0,-0.0,-0.0,-0.0,24.0,-0.0,-0.0,-0.0,-0.0,32.0,-0.0,-0.0,-0.0,-0.0,40.0,-0.0,-0.0,-0.0,-0.0,48.0,-0.0,-0.0,-0.0,-0.0,56.0,-0.0,-0.0,-0.0,-0.0,64.0,-0.0,-0.0,-0.0,-0.0,72.0,-0.0,-0.0,-0.0,-0.0
-0.0,-0.0,-0.0,-0.0,-0.0,-0.0,-0.0,-0.0,-0.0,-0.0,-0.0,-0.0,-0.0,-0.0,-0.0,-0.0,-0.0,-0.0,-0.0,-0.0,-0.0,-0.0,-0.0,-0.0,-0.0,-0.0,-0.0,-0.0,-0.0,-0.0,-0.0,-0.0,-0.0,-0.0,-0.0,-0.0,-0.0,-0.0,-0.0,-0.0,-0.0,-384.0,88.0,88.0,88.0,-0.0,128.0,-0.0,-0.0,-0.0,-0.0,136.0,-0.0,-0.0,-0.0,-0.0,16.0,-0.0,-0.0,-0.0,-0.0,24.0,-0.0,-0.0,-0.0,-0.0,24.0,-0.0,-0.0,-0.0,-0.0,32.0,-0.0,-0.0,-0.0,-0.0,40.0,-0.0,-0.0,-0.0,-0.0,48.0,-0.0,-0.0,-0.0,-0.0,56.0,-0.0,-0.0,-0.0,-0.0,64.0,-0.0,-0.0,-0.0,-0.0,72.0,-0.0,-0.0,-0.0
-0.0,-0.0,-0.0,-0.0,-0.0,-0.0,-0.0,-0.0,-0.0,-0.0,-0.0,-0.0,-0.0,-0.0,-0.0,-0.0,-0.0,-0.0,-0.0,-0.0,-0.0,-0.0,-0.0,-0.0,-0.0,-0.0,-0.0,-0.0,-0.0,-0.0,-0.0,-0.0,-0.0,-0.0,-0.0,-0.0,-0.0,-0.0,-0.0,-0.0,-0.0,-0.0,-376.0,88.0,88.0,-0.0,-0.0,128.0,-0.0,-0.0,-0.0,-0.0,136.0,-0.0,-0.0,-0.0,-0.0,16.0,-0.0,-0.0,-0.0,-0.0,24.0,-0.0,-0.0,-0.0,-0.0,24.0,-0.0,-0.0,-0.0,-0.0,32.0,-0.0,-0.0,-0.0,-0.0,40.0,-0.0,-0.0,-0.0,-0.0,48.0,-0.0,-0.0,-0.0,-0.0,56.0,-0.0,-0.0,-0.0,-0.0,64.0,-0.0,-0.0,-0.0,-0.0,72.0,-0.0,-0.0
-0.0,-0.0,-0.0,-0.0,-0.0,-0.0,-0.0,-0.0,-0.0,-0.0,-0.0,-0.0,-0.0,-0.0,-0.0,-0.0,-0.0,-0.0,-0.0,-0.0,-0.0,-0.0,-0.0,-0.0,-0.0,-0.0,-0.0,-0.0,-0.0,-0.0,-0.0,-0.0,-0.0,-0.0,-0.0,-0.0,-0.0,-0.0,-0.0,-0.0,-0.0,-0.0,-0.0,-372.0,88.0,-0.0,-0.0,-0.0,128.0,-0.0,-0.0,-0.0,-0.0,136.0,-0.0,-0.0,-0.0,-0.0,16.0,-0.0,-0.0,-0.0,-0.0,24.0,-0.0,-0.0,-0.0,-0.0,24.0,-0.0,-0.0,-0.0,-0.0,32.0,-0.0,-0.0,-0.0,-0.0,40.0,-0.0,-0.0,-0.0,-0.0,48.0,-0.0,-0.0,-0.0,-0.0,56.0,-0.0,-0.0,-0.0,-0.0,64.0,-0.0,-0.0,-0.0,-0.0,72.0,-0.0
-0.0,-0.0,-0.0,-0.0,-0.0,-0.0,-0.0,-0.0,-0.0,-0.0,-0.0,-0.0,-0.0,-0.0,-0.0,-0.0,-0.0,-0.0,-0.0,-0.0,-0.0,-0.0,-0.0,-0.0,-0.0,-0.0,-0.0,-0.0,-0.0,-0.0,-0.0,-0.0,-0.0,-0.0,-0.0,-0.0,-0.0,-0.0,-0.0,-0.0,-0.0,-0.0,-0.0,-0.0,-364.0,-0.0,-0.0,-0.0,-0.0,128.0,-0.0,-0.0,-0.0,-0.0,136.0,-0.0,-0.0,-0.0,-0.0,16.0,-0.0,-0.0,-0.0,-0.0,24.0,-0.0,-0.0,-0.0,-0.0,24.0,-0.0,-0.0,-0.0,-0.0,32.0,-0.0,-0.0,-0.0,-0.0,40.0,-0.0,-0.0,-0.0,-0.0,48.0,-0.0,-0.0,-0.0,-0.0,56.0,-0.0,-0.0,-0.0,-0.0,64.0,-0.0,-0.0,-0.0,-0.0,72.0
-0.0,-0.0,-0.0,-0.0,-0.0,-0.0,-0.0,-0.0,-0.0,-0.0,-0.0,-0.0,-0.0,-0.0,-0.0,-0.0,-0.0,-0.0,-0.0,-0.0,-0.0,-0.0,-0.0,-0.0,-0.0,-0.0,-0.0,-0.0,-0.0,-0.0,-0.0,-0.0,-0.0,-0.0,-0.0,-0.0,-0.0,-0.0,-0.0,-0.0,-0.0,-0.0,-0.0,-0.0,-0.0,-412.0,88.0,88.0,88.0,88.0,144.0,-0.0,-0.0,-0.0,-0.0,16.0,-0.0,-0.0,-0.0,-0.0,24.0,-0.0,-0.0,-0.0,-0.0,32.0,-0.0,-0.0,-0.0,-0.0,40.0,-0.0,-0.0,-0.0,-0.0,40.0,-0.0,-0.0,-0.0,-0.0,48.0,-0.0,-0.0,-0.0,-0.0,56.0,-0.0,-0.0,-0.0,-0.0,64.0,-0.0,-0.0,-0.0,-0.0,72.0,-0.0,-0.0,-0.0,-0.0
-0.0,-0.0,-0.0,-0.0,-0.0,-0.0,-0.0,-0.0,-0.0,-0.0,-0.0,-0.0,-0.0,-0.0,-0.0,-0.0,-0.0,-0.0,-0.0,-0.0,-0.0,-0.0,-0.0,-0.0,-0.0,-0.0,-0.0,-0.0,-0.0,-0.0,-0.0,-0.0,-0.0,-0.0,-0.0,-0.0,-0.0,-0.0,-0.0,-0.0,-0.0,-0.0,-0.0,-0.0,-0.0,-0.0,-404.0,88.0,88.0,88.0,-0.0,144.0,-0.0,-0.0,-0.0,-0.0,16.0,-0.0,-0.0,-0.0,-0.0,24.0,-0.0,-0.0,-0.0,-0.0,32.0,-0.0,-0.0,-0.0,-0.0,40.0,-0.0,-0.0,-0.0,-0.0,40.0,-0.0,-0.0,-0.0,-0.0,48.0,-0.0,-0.0,-0.0,-0.0,56.0,-0.0,-0.0,-0.0,-0.0,64.0,-0.0,-0.0,-0.0,-0.0,72.0,-0.0,-0.0,-0.0
-0.0,-0.0,-0.0,-0.0,-0.0,-0.0,-0.0,-0.0,-0.0,-0.0,-0.0,-0.0,-0.0,-0.0,-0.0,-0.0,-0.0,-0.0,-0.0,-0.0,-0.0,-0.0,-0.0,-0.0,-0.0,-0.0,-0.0,-0.0,-0.0,-0.0,-0.0,-0.0,-0.0,-0.0,-0.0,-0.0,-0.0,-0.0,-0.0,-0.0,-0.0,-0.0,-0.0,-0.0,-0.0,-0.0,-0.0,-396.0,88.0,88.0,-0.0,-0.0,144.0,-0.0,-0.0,-0.0,-0.0,16.0,-0.0,-0.0,-0.0,-0.0,24.0,-0.0,-0.0,-0.0,-0.0,32.0,-0.0,-0.0,-0.0,-0.0,40.0,-0.0,-0.0,-0.0,-0.0,40.0,-0.0,-0.0,-0.0,-0.0,48.0,-0.0,-0.0,-0.0,-0.0,56.0,-0.0,-0.0,-0.0,-0.0,64.0,-0.0,-0.0,-0.0,-0.0,72.0,-0.0,-0.0
-0.0,-0.0,-0.0,-0.0,-0.0,-0.0,-0.0,-0.0,-0.0,-0.0,-0.0,-0.0,-0.0,-0.0,-0.0,-0.0,-0.0,-0.0,-0.0,-0.0,-0.0,-0.0,-0.0,-0.0,-0.0,-0.0,-0.0,-0.0,-0.0,-0.0,-0.0,-0.0,-0.0,-0.0,-0.0,-0.0,-0.0,-0.0,-0.0,-0.0,-0.0,-0.0,-0.0,-0.0,-0.0,-0.0,-0.0,-0.0,-388.0,88.0,-0.0,-0.0,-0.0,144.0,-0.0,-0.0,-0.0,-0.0,16.0,-0.0,-0.0,-0.0,-0.0,24.0,-0.0,-0.0,-0.0,-0.0,32.0,-0.0,-0.0,-0.0,-0.0,40.0,-0.0,-0.0,-0.0,-0.0,40.0,-0.0,-0.0,-0.0,-0.0,48.0,-0.0,-0.0,-0.0,-0.0,56.0,-0.0,-0.0,-0.0,-0.0,64.0,-0.0,-0.0,-0.0,-0.0,72.0,-0.0
-0.0,-0.0,-0.0,-0.0,-0.0,-0.0,-0.0,-0.0,-0.0,-0.0,-0.0,-0.0,-0.0,-0.0,-0.0,-0.0,-0.0,-0.0,-0.0,-0.0,-0.0,-0.0,-0.0,-0.0,-0.0,-0.0,-0.0,-0.0,-0.0,-0.0,-0.0,-0.0,-0.0,-0.0,-0.0,-0.0,-0.0,-0.0,-0.0,-0.0,-0.0,-0.0,-0.0,-0.0,-0.0,-0.0,-0.0,-0.0,-0.0,-380.0,-0.0,-0.0,-0.0,-0.0,144.0,-0.0,-0.0,-0.0,-0.0,16.0,-0.0,-0.0,-0.0,-0.0,24.0,-0.0,-0.0,-0.0,-0.0,32.0,-0.0,-0.0,-0.0,-0.0,40.0,-0.0,-0.0,-0.0,-0.0,40.0,-0.0,-0.0,-0.0,-0.0,48.0,-0.0,-0.0,-0.0,-0.0,56.0,-0.0,-0.0,-0.0,-0.0,64.0,-0.0,-0.0,-0.0,-0.0,72.0
-0.0,-0.0,-0.0,-0.0,-0.0,-0.0,-0.0,-0.0,-0.0,-0.0,-0.0,-0.0,-0.0,-0.0,-0.0,-0.0,-0.0,-0.0,-0.0,-0.0,-0.0,-0.0,-0.0,-0.0,-0.0,-0.0,-0.0,-0.0,-0.0,-0.0,-0.0,-0.0,-0.0,-0.0,-0.0,-0.0,-0.0,-0.0,-0.0,-0.0,-0.0,-0.0,-0.0,-0.0,-0.0,-0.0,-0.0,-0.0,-0.0,-0.0,-432.0,88.0,88.0,88.0,88.0,16.0,-0.0,-0.0,-0.0,-0.0,24.0,-0.0,-0.0,-0.0,-0.0,32.0,-0.0,-0.0,-0.0,-0.0,40.0,-0.0,-0.0,-0.0,-0.0,48.0,-0.0,-0.0,-0.0,-0.0,56.0,-0.0,-0.0,-0.0,-0.0,64.0,-0.0,-0.0,-0.0,-0.0,72.0,-0.0,-0.0,-0.0,-0.0,80.0,-0.0,-0.0,-0.0,-0.0
-0.0,-0.0,-0.0,-0.0,-0.0,-0.0,-0.0,-0.0,-0.0,-0.0,-0.0,-0.0,-0.0,-0.0,-0.0,-0.0,-0.0,-0.0,-0.0,-0.0,-0.0,-0.0,-0.0,-0.0,-0.0,-0.0,-0.0,-0.0,-0.0,-0.0,-0.0,-0.0,-0.0,-0.0,-0.0,-0.0,-0.0,-0.0,-0.0,-0.0,-0.0,-0.0,-0.0,-0.0,-0.0,-0.0,-0.0,-0.0,-0.0,-0.0,-0.0,-424.0,88.0,88.0,88.0,-0.0,16.0,-0.0,-0.0,-0.0,-0.0,24.0,-0.0,-0.0,-0.0,-0.0,32.0,-0.0,-0.0,-0.0,-0.0,40.0,-0.0,-0.0,-0.0,-0.0,48.0,-0.0,-0.0,-0.0,-0.0,56.0,-0.0,-0.0,-0.0,-0.0,64.0,-0.0,-0.0,-0.0,-0.0,72.0,-0.0,-0.0,-0.0,-0.0,80.0,-0.0,-0.0,-0.0
-0.0,-0.0,-0.0,-0.0,-0.0,-0.0,-0.0,-0.0,-0.0,-0.0,-0.0,-0.0,-0.0,-0.0,-0.0,-0.0,-0.0,-0.0,-0.0,-0.0,-0.0,-0.0,-0.0,-0.0,-0.0,-0.0,-0.0,-0.0,-0.0,-0.0,-0.0,-0.0,-0.0,-0.0,-0.0,-0.0,-0.0,-0.0,-0.0,-0.0,-0.0,-0.0,-0.0,-0.0,-0.0,-0.0,-0.0,-0.0,-0.0,-0.0,-0.0,-0.0,-416.0,88.0,88.0,-0.0,-0.0,16.0,-0.0,-0.0,-0.0,-0.0,24.0,-0.0,-0.0,-0.0,-0.0,32.0,-0.0,-0.0,-0.0,-0.0,40.0,-0.0,-0.0,-0.0,-0.0,48.0,-0.0,-0.0,-0.0,-0.0,56.0,-0.0,-0.0,-0.0,-0.0,64.0,-0.0,-0.0,-0.0,-0.0,72.0,-0.0,-0.0,-0.0,-0.0,80.0,-0.0,-0.0
-0.0,-0.0,-0.0,-0.0,-0.0,-0.0,-0.0,-0.0,-0.0,-0.0,-0.0,-0.0,-0.0,-0.0,-0.0,-0.0,-0.0,-0.0,-0.0,-0.0,-0.0,-0.0,-0.0,-0.0,-0.0,-0.0,-0.0,-0.0,-0.0,-0.0,-0.0,-0.0,-0.0,-0.0,-0.0,-0.0,-0.0,-0.0,-0.0,-0.0,-0.0,-0.0,-0.0,-0.0,-0.0,-0.0,-0.0,-0.0,-0.0,-0.0,-0.0,-0.0,-0.0,-408.0,88.0,-0.0,-0.0,-0.0,16.0,-0.0,-0.0,-0.0,-0.0,24.0,-0.0,-0.0,-0.0,-0.0,32.0,-0.0,-0.0,-0.0,-0.0,40.0,-0.0,-0.0,-0.0,-0.0,48.0,-0.0,-0.0,-0.0,-0.0,56.0,-0.0,-0.0,-0.0,-0.0,64.0,-0.0,-0.0,-0.0,-0.0,72.0,-0.0,-0.0,-0.0,-0.0,80.0,-0.0
-0.0,-0.0,-0.0,-0.0,-0.0,-0.0,-0.0,-0.0,-0.0,-0.0,-0.0,-0.0,-0.0,-0.0,-0.0,-0.0,-0.0,-0.0,-0.0,-0.0,-0.0,-0.0,-0.0,-0.0,-0.0,-0.0,-0.0,-0.0,-0.0,-0.0,-0.0,-0.0,-0.0,-0.0,-0.0,-0.0,-0.0,-0.0,-0.0,-0.0,-0.0,-0.0,-0.0,-0.0,-0.0,-0.0,-0.0,-0.0,-0.0,-0.0,-0.0,-0.0,-0.0,-0.0,-400.0,-0.0,-0.0,-0.0,-0.0,16.0,-0.0,-0.0,-0.0,-0.0,24.0,-0.0,-0.0,-0.0,-0.0,32.0,-0.0,-0.0,-0.0,-0.0,40.0,-0.0,-0.0,-0.0,-0.0,48.0,-0.0,-0.0,-0.0,-0.0,56.0,-0.0,-0.0,-0.0,-0.0,64.0,-0.0,-0.0,-0.0,-0.0,72.0,-0.0,-0.0,-0.0,-0.0,80.0
-0.0,-0.0,-0.0,-0.0,-0.0,-0.0,-0.0,-0.0,-0.0,-0.0,-0.0,-0.0,-0.0,-0.0,-0.0,-0.0,-0.0,-0.0,-0.0,-0.0,-0.0,-0.0,-0.0,-0.0,-0.0,-0.0,-0.0,-0.0,-0.0,-0.0,-0.0,-0.0,-0.0,-0.0,-0.0,-0.0,-0.0,-0.0,-0.0,-0.0,-0.0,-0.0,-0.0,-0.0,-0.0,-0.0,-0.0,-0.0,-0.0,-0.0,-0.0,-0.0,-0.0,-0.0,-0.0,-124.0,88.0,88.0,88.0,88.0,-0.0,-0.0,-0.0,-0.0,-0.0,-0.0,-0.0,-0.0,-0.0,-0.0,-0.0,-0.0,-0.0,-0.0,-0.0,8.0,-0.0,-0.0,-0.0,-0.0,8.0,-0.0,-0.0,-0.0,-0.0,8.0,-0.0,-0.0,-0.0,-0.0,8.0,-0.0,-0.0,-0.0,-0.0,8.0,-0.0,-0.0,-0.0,-0.0
-0.0,-0.0,-0.0,-0.0,-0.0,-0.0,-0.0,-0.0,-0.0,-0.0,-0.0,-0.0,-0.0,-0.0,-0.0,-0.0,-0.0,-0.0,-0.0,-0.0,-0.0,-0.0,-0.0,-0.0,-0.0,-0.0,-0.0,-0.0,-0.0,-0.0,-0.0,-0.0,-0.0,-0.0,-0.0,-0.0,-0.0,-0.0,-0.0,-0.0,-0.0,-0.0,-0.0,-0.0,-0.0,-0.0,-0.0,-0.0,-0.0,-0.0,-0.0,-0.0,-0.0,-0.0,-0.0,-0.0,-124.0,88.0,88.0,88.0,-0.0,-0.0,-0.0,-0.0,-0.0,-0.0,-0.0,-0.0,-0.0,-0.0,-0.0,-0.0,-0.0,-0.0,-0.0,-0.0,8.0,-0.0,-0.0,-0.0,-0.0,8.0,-0.0,-0.0,-0.0,-0.0,8.0,-0.0,-0.0,-0.0,-0.0,8.0,-0.0,-0.0,-0.0,-0.0,8.0,-0.0,-0.0,-0.0
-0.0,-0.0,-0.0,-0.0,-0.0,-0.0,-0.0,-0.0,-0.0,-0.0,-0.0,-0.0,-0.0,-0.0,-0.0,-0.0,-0.0,-0.0,-0.0,-0.0,-0.0,-0.0,-0.0,-0.0,-0.0,-0.0,-0.0,-0.0,-0.0,-0.0,-0.0,-0.0,-0.0,-0.0,-0.0,-0.0,-0.0,-0.0,-0.0,-0.0,-0.0,-0.0,-0.0,-0.0,-0.0,-0.0,-0.0,-0.0,-0.0,-0.0,-0.0,-0.0,-0.0,-0.0,-0.0,-0.0,-0.0,-124.0,88.0,88.0,-0.0,-0.0,-0.0,-0.0,-0.0,-0.0,-0.0,-0.0,-0.0,-0.0,-0.0,-0.0,-0.0,-0.0,-0.0,-0.0,-0.0,8.0,-0.0,-0.0,-0.0,-0.0,8.0,-0.0,-0.0,-0.0,-0.0,8.0,-0.0,-0.0,-0.0,-0.0,8.0,-0.0,-0.0,-0.0,-0.0,8.0,-0.0,-0.0
-0.0,-0.0,-0.0,-0.0,-0.0,-0.0,-0.0,-0.0,-0.0,-0.0,-0.0,-0.0,-0.0,-0.0,-0.0,-0.0,-0.0,-0.0,-0.0,-0.0,-0.0,-0.0,-0.0,-0.0,-0.0,-0.0,-0.0,-0.0,-0.0,-0.0,-0.0,-0.0,-0.0,-0.0,-0.0,-0.0,-0.0,-0.0,-0.0,-0.0,-0.0,-0.0,-0.0,-0.0,-0.0,-0.0,-0.0,-0.0,-0.0,-0.0,-0.0,-0.0,-0.0,-0.0,-0.0,-0.0,-0.0,-0.0,-120.0,88.0,-0.0,-0.0,-0.0,-0.0,-0.0,-0.0,-0.0,-0.0,-0.0,-0.0,-0.0,-0.0,-0.0,-0.0,-0.0,-0.0,-0.0,-0.0,8.0,-0.0,-0.0,-0.0,-0.0,8.0,-0.0,-0.0,-0.0,-0.0,8.0,-0.0,-0.0,-0.0,-0.0,8.0,-0.0,-0.0,-0.0,-0.0,8.0,-0.0
-0.0,-0.0,-0.0,-0.0,-0.0,-0.0,-0.0,-0.0,-0.0,-0.0,-0.0,-0.0,-0.0,-0.0,-0.0,-0.0,-0.0,-0.0,-0.0,-0.0,-0.0,-0.0,-0.0,-0.0,-0.0,-0.0,-0.0,-0.0,-0.0,-0.0,-0.0,-0.0,-0.0,-0.0,-0.0,-0.0,-0.0,-0.0,-0.0,-0.0,-0.0,-0.0,-0.0,-0.0,-0.0,-0.0,-0.0,-0.0,-0.0,-0.0,-0.0,-0.0,-0.0,-0.0,-0.0,-0.0,-0.0,-0.0,-0.0,-120.0,-0.0,-0.0,-0.0,-0.0,-0.0,-0.0,-0.0,-0.0,-0.0,-0.0,-0.0,-0.0,-0.0,-0.0,-0.0,-0.0,-0.0,-0.0,-0.0,8.0,-0.0,-0.0,-0.0,-0.0,8.0,-0.0,-0.0,-0.0,-0.0,8.0,-0.0,-0.0,-0.0,-0.0,8.0,-0.0,-0.0,-0.0,-0.0,8.0
-0.0,-0.0,-0.0,-0.0,-0.0,-0.0,-0.0,-0.0,-0.0,-0.0,-0.0,-0.0,-0.0,-0.0,-0.0,-0.0,-0.0,-0.0,-0.0,-0.0,-0.0,-0.0,-0.0,-0.0,-0.0,-0.0,-0.0,-0.0,-0.0,-0.0,-0.0,-0.0,-0.0,-0.0,-0.0,-0.0,-0.0,-0.0,-0.0,-0.0,-0.0,-0.0,-0.0,-0.0,-0.0,-0.0,-0.0,-0.0,-0.0,-0.0,-0.0,-0.0,-0.0,-0.0,-0.0,-0.0,-0.0,-0.0,-0.0,-0.0,-140.0,88.0,88.0,88.0,88.0,8.0,-0.0,-0.0,-0.0,-0.0,8.0,-0.0,-0.0,-0.0,-0.0,8.0,-0.0,-0.0,-0.0,-0.0,8.0,-0.0,-0.0,-0.0,-0.0,8.0,-0.0,-0.0,-0.0,-0.0,8.0,-0.0,-0.0,-0.0,-0.0,8.0,-0.0,-0.0,-0.0,-0.0
-0.0,-0.0,-0.0,-0.0,-0.0,-0.0,-0.0,-0.0,-0.0,-0.0,-0.0,-0.0,-0.0,-0.0,-0.0,-0.0,-0.0,-0.0,-0.0,-0.0,-0.0,-0.0,-0.0,-0.0,-0.0,-0.0,-0.0,-0.0,-0.0,-0.0,-0.0,-0.0,-0.0,-0.0,-0.0,-0.0,-0.0,-0.0,-0.0,-0.0,-0.0,-0.0,-0.0,-0.0,-0.0,-0.0,-0.0,-0.0,-0.0,-0.0,-0.0,-0.0,-0.0,-0.0,-0.0,-0.0,-0.0,-0.0,-0.0,-0.0,-0.0,-140.0,88.0,88.0,88.0,-0.0,8.0,-0.0,-0.0,-0.0,-0.0,8.0,-0.0,-0.0,-0.0,-0.0,8.0,-0.0,-0.0,-0.0,-0.0,8.0,-0.0,-0.0,-0.0,-0.0,8.0,-0.0,-0.0,-0.0,-0.0,8.0,-0.0,-0.0,-0.0,-0.0,8.0,-0.0,-0.0,-0.0
-0.0,-0.0,-0.0,-0.0,-0.0,-0.0,-0.0,-0.0,-0.0,-0.0,-0.0,-0.0,-0.0,-0.0,-0.0,-0.0,-0.0,-0.0,-0.0,-0.0,-0.0,-0.0,-0.0,-0.0,-0.0,-0.0,-0.0,-0.0,-0.0,-0.0,-0.0,-0.0,-0.0,-0.0,-0.0,-0.0,-0.0,-0.0,-0.0,-0.0,-0.0,-0.0,-0.0,-0.0,-0.0,-0.0,-0.0,-0.0,-0.0,-0.0,-0.0,-0.0,-0.0,-0.0,-0.0,-0.0,-0.0,-0.0,-0.0,-0.0,-0.0,-0.0,-140.0,88.0,88.0,-0.0,-0.0,8.0,-0.0,-0.0,-0.0,-0.0,8.0,-0.0,-0.0,-0.0,-0.0,8.0,-0.0,-0.0,-0.0,-0.0,8.0,-0.0,-0.0,-0.0,-0.0,8.0,-0.0,-0.0,-0.0,-0.0,8.0,-0.0,-0.0,-0.0,-0.0,8.0,-0.0,-0.0
-0.0,-0.0,-0.0,-0.0,-0.0,-0.0,-0.0,-0.0,-0.0,-0.0,-0.0,-0.0,-0.0,-0.0,-0.0,-0.0,-0.0,-0.0,-0.0,-0.0,-0.0,-0.0,-0.0,-0.0,-0.0,-0.0,-0.0,-0.0,-0.0,-0.0,-0.0,-0.0,-0.0,-0.0,-0.0,-0.0,-0.0,-0.0,-0.0,-0.0,-0.0,-0.0,-0.0,-0.0,-0.0,-0.0,-0.0,-0.0,-0.0,-0.0,-0.0,-0.0,-0.0,-0.0,-0.0,-0.0,-0.0,-0.0,-0.0,-0.0,-0.0,-0.0,-0.0,-136.0,88.0,-0.0,-0.0,-0.0,8.0,-0.0,-0.0,-0.0,-0.0,8.0,-0.0,-0.0,-0.0,-0.0,8.0,-0.0,-0.0,-0.0,-0.0,8.0,-0.0,-0.0,-0.0,-0.0,8.0,-0.0,-0.0,-0.0,-0.0,8.0,-0.0,-0.0,-0.0,-0.0,8.0,-0.0
-0.0,-0.0,-0.0,-0.0,-0.0,-0.0,-0.0,-0.0,-0.0,-0.0,-0.0,-0.0,-0.0,-0.0,-0.0,-0.0,-0.0,-0.0,-0.0,-0.0,-0.0,-0.0,-0.0,-0.0,-0.0,-0.0,-0.0,-0.0,-0.0,-0.0,-0.0,-0.0,-0.0,-0.0,-0.0,-0.0,-0.0,-0.0,-0.0,-0.0,-0.0,-0.0,-0.0,-0.0,-0.0,-0.0,-0.0,-0.0,-0.0,-0.0,-0.0,-0.0,-0.0,-0.0,-0.0,-0.0,-0.0,-0.0,-0.0,-0.0,-0.0,-0.0,-0.0,-0.0,-136.0,-0.0,-0.0,-0.0,-0.0,8.0,-0.0,-0.0,-0.0,-0.0,8.0,-0.0,-0.0,-0.0,-0.0,8.0,-0.0,-0.0,-0.0,-0.0,8.0,-0.0,-0.0,-0.0,-0.0,8.0,-0.0,-0.0,-0.0,-0.0,8.0,-0.0,-0.0,-0.0,-0.0,8.0
-0.0,-0.0,-0.0,-0.0,-0.0,-0.0,-0.0,-0.0,-0.0,-0.0,-0.0,-0.0,-0.0,-0.0,-0.0,-0.0,-0.0,-0.0,-0.0,-0.0,-0.0,-0.0,-0.0,-0.0,-0.0,-0.0,-0.0,-0.0,-0.0,-0.0,-0.0,-0.0,-0.0,-0.0,-0.0,-0.0,-0.0,-0.0,-0.0,-0.0,-0.0,-0.0,-0.0,-0.0,-0.0,-0.0,-0.0,-0.0,-0.0,-0.0,-0.0,-0.0,-0.0,-0.0,-0.0,-0.0,-0.0,-0.0,-0.0,-0.0,-0.0,-0.0,-0.0,-0.0,-0.0,-156.0,88.0,88.0,88.0,88.0,8.0,-0.0,-0.0,-0.0,-0.0,8.0,-0.0,-0.0,-0.0,-0.0,8.0,-0.0,-0.0,-0.0,-0.0,16.0,-0.0,-0.0,-0.0,-0.0,16.0,-0.0,-0.0,-0.0,-0.0,16.0,-0.0,-0.0,-0.0,-0.0
-0.0,-0.0,-0.0,-0.0,-0.0,-0.0,-0.0,-0.0,-0.0,-0.0,-0.0,-0.0,-0.0,-0.0,-0.0,-0.0,-0.0,-0.0,-0.0,-0.0,-0.0,-0.0,-0.0,-0.0,-0.0,-0.0,-0.0,-0.0,-0.0,-0.0,-0.0,-0.0,-0.0,-0.0,-0.0,-0.0,-0.0,-0.0,-0.0,-0.0,-0.0,-0.0,-0.0,-0.0,-0.0,-0.0,-0.0,-0.0,-0.0,-0.0,-0.0,-0.0,-0.0,-0.0,-0.0,-0.0,-0.0,-0.0,-0.0,-0.0,-0.0,-0.0,-0.0,-0.0,-0.0,-0.0,-152.0,88.0,88.0,88.0,-0.0,8.0,-0.0,-0.0,-0.0,-0.0,8.0,-0.0,-0.0,-0.0,-0.0,8.0,-0.0,-0.0,-0.0,-0.0,16.0,-0.0,-0.0,-0.0,-0.0,16.0,-0.0,-0.0,-0.0,-0.0,16.0,-0.0,-0.0,-0.0
-0.0,-0.0,-0.0,-0.0,-0.0,-0.0,-0.0,-0.0,-0.0,-0.0,-0.0,-0.0,-0.0,-0.0,-0.0,-0.0,-0.0,-0.0,-0.0,-0.0,-0.0,-0.0,-0.0,-0.0,-0.0,-0.0,-0.0,-0.0,-0.0,-0.0,-0.0,-0.0,-0.0,-0.0,-0.0,-0.0,-0.0,-0.0,-0.0,-0.0,-0.0,-0.0,-0.0,-0.0,-0.0,-0.0,-0.0,-0.0,-0.0,-0.0,-0.0,-0.0,-0.0,-0.0,-0.0,-0.0,-0.0,-0.0,-0.0,-0.0,-0.0,-0.0,-0.0,-0.0,-0.0,-0.0,-0.0,-152.0,88.0,88.0,-0.0,-0.0,8.0,-0.0,-0.0,-0.0,-0.0,8.0,-0.0,-0.0,-0.0,-0.0,8.0,-0.0,-0.0,-0.0,-0.0,16.0,-0.0,-0.0,-0.0,-0.0,16.0,-0.0,-0.0,-0.0,-0.0,16.0,-0.0,-0.0
-0.0,-0.0,-0.0,-0.0,-0.0,-0.0,-0.0,-0.0,-0.0,-0.0,-0.0,-0.0,-0.0,-0.0,-0.0,-0.0,-0.0,-0.0,-0.0,-0.0,-0.0,-0.0,-0.0,-0.0,-0.0,-0.0,-0.0,-0.0,-0.0,-0.0,-0.0,-0.0,-0.0,-0.0,-0.0,-0.0,-0.0,-0.0,-0.0,-0.0,-0.0,-0.0,-0.0,-0.0,-0.0,-0.0,-0.0,-0.0,-0.0,-0.0,-0.0,-0.0,-0.0,-0.0,-0.0,-0.0,-0.0,-0.0,-0.0,-0.0,-0.0,-0.0,-0.0,-0.0,-0.0,-0.0,-0.0,-0.0,-152.0,88.0,-0.0,-0.0,-0.0,8.0,-0.0,-0.0,-0.0,-0.0,8.0,-0.0,-0.0,-0.0,-0.0,8.0,-0.0,-0.0,-0.0,-0.0,16.0,-0.0,-0.0,-0.0,-0.0,16.0,-0.0,-0.0,-0.0,-0.0,16.0,-0.0
-0.0,-0.0,-0.0,-0.0,-0.0,-0.0,-0.0,-0.0,-0.0,-0.0,-0.0,-0.0,-0.0,-0.0,-0.0,-0.0,-0.0,-0.0,-0.0,-0.0,-0.0,-0.0,-0.0,-0.0,-0.0,-0.0,-0.0,-0.0,-0.0,-0.0,-0.0,-0.0,-0.0,-0.0,-0.0,-0.0,-0.0,-0.0,-0.0,-0.0,-0.0,-0.0,-0.0,-0.0,-0.0,-0.0,-0.0,-0.0,-0.0,-0.0,-0.0,-0.0,-0.0,-0.0,-0.0,-0.0,-0.0,-0.0,-0.0,-0.0,-0.0,-0.0,-0.0,-0.0,-0.0,-0.0,-0.0,-0.0,-0.0,-148.0,-0.0,-0.0,-0.0,-0.0,8.0,-0.0,-0.0,-0.0,-0.0,8.0,-0.0,-0.0,-0.0,-0.0,8.0,-0.0,-0.0,-0.0,-0.0,16.0,-0.0,-0.0,-0.0,-0.0,16.0,-0.0,-0.0,-0.0,-0.0,16.0
-0.0,-0.0,-0.0,-0.0,-0.0,-0.0,-0.0,-0.0,-0.0,-0.0,-0.0,-0.0,-0.0,-0.0,-0.0,-0.0,-0.0,-0.0,-0.0,-0.0,-0.0,-0.0,-0.0,-0.0,-0.0,-0.0,-0.0,-0.0,-0.0,-0.0,-0.0,-0.0,-0.0,-0.0,-0.0,-0.0,-0.0,-0.0,-0.0,-0.0,-0.0,-0.0,-0.0,-0.0,-0.0,-0.0,-0.0,-0.0,-0.0,-0.0,-0.0,-0.0,-0.0,-0.0,-0.0,-0.0,-0.0,-0.0,-0.0,-0.0,-0.0,-0.0,-0.0,-0.0,-0.0,-0.0,-0.0,-0.0,-0.0,-0.0,-172.0,88.0,88.0,88.0,88.0,8.0,-0.0,-0.0,-0.0,-0.0,16.0,-0.0,-0.0,-0.0,-0.0,16.0,-0.0,-0.0,-0.0,-0.0,16.0,-0.0,-0.0,-0.0,-0.0,16.0,-0.0,-0.0,-0.0,-0.0
-0.0,-0.0,-0.0,-0.0,-0.0,-0.0,-0.0,-0.0,-0.0,-0.0,-0.0,-0.0,-0.0,-0.0,-0.0,-0.0,-0.0,-0.0,-0.0,-0.0,-0.0,-0.0,-0.0,-0.0,-0.0,-0.0,-0.0,-0.0,-0.0,-0.0,-0.0,-0.0,-0.0,-0.0,-0.0,-0.0,-0.0,-0.0,-0.0,-0.0,-0.0,-0.0,-0.0,-0.0,-0.0,-0.0,-0.0,-0.0,-0.0,-0.0,-0.0,-0.0,-0.0,-0.0,-0.0,-0.0,-0.0,-0.0,-0.0,-0.0,-0.0,-0.0,-0.0,-0.0,-0.0,-0.0,-0.0,-0.0,-0.0,-0.0,-0.0,-172.0,88.0,88.0,88.0,-0.0,8.0,-0.0,-0.0,-0.0,-0.0,16.0,-0.0,-0.0,-0.0,-0.0,16.0,-0.0,-0.0,-0.0,-0.0,16.0,-0.0,-0.0,-0.0,-0.0,16.0,-0.0,-0.0,-0.0
-0.0,-0.0,-0.0,-0.0,-0.0,-0.0,-0.0,-0.0,-0.0,-0.0,-0.0,-0.0,-0.0,-0.0,-0.0,-0.0,-0.0,-0.0,-0.0,-0.0,-0.0,-0.0,-0.0,-0.0,-0.0,-0.0,-0.0,-0.0,-0.0,-0.0,-0.0,-0.0,-0.0,-0.0,-0.0,-0.0,-0.0,-0.0,-0.0,-0.0,-0.0,-0.0,-0.0,-0.0,-0.0,-0.0,-0.0,-0.0,-0.0,-0.0,-0.0,-0.0,-0.0,-0.0,-0.0,-0.0,-0.0,-0.0,-0.0,-0.0,-0.0,-0.0,-0.0,-0.0,-0.0,-0.0,-0.0,-0.0,-0.0,-0.0,-0.0,-0.0,-168.0,88.0,88.0,-0.0,-0.0,8.0,-0.0,-0.0,-0.0,-0.0,16.0,-0.0,-0.0,-0.0,-0.0,16.0,-0.0,-0.0,-0.0,-0.0,16.0,-0.0,-0.0,-0.0,-0.0,16.0,-0.0,-0.0
-0.0,-0.0,-0.0,-0.0,-0.0,-0.0,-0.0,-0.0,-0.0,-0.0,-0.0,-0.0,-0.0,-0.0,-0.0,-0.0,-0.0,-0.0,-0.0,-0.0,-0.0,-0.0,-0.0,-0.0,-0.0,-0.0,-0.0,-0.0,-0.0,-0.0,-0.0,-0.0,-0.0,-0.0,-0.0,-0.0,-0.0,-0.0,-0.0,-0.0,-0.0,-0.0,-0.0,-0.0,-0.0,-0.0,-0.0,-0.0,-0.0,-0.0,-0.0,-0.0,-0.0,-0.0,-0.0,-0.0,-0.0,-0.0,-0.0,-0.0,-0.0,-0.0,-0.0,-0.0,-0.0,-0.0,-0.0,-0.0,-0.0,-0.0,-0.0,-0.0,-0.0,-168.0,88.0,-0.0,-0.0,-0.0,8.0,-0.0,-0.0,-0.0,-0.0,16.0,-0.0,-0.0,-0.0,-0.0,16.0,-0.0,-0.0,-0.0,-0.0,16.0,-0.0,-0.0,-0.0,-0.0,16.0,-0.0
-0.0,-0.0,-0.0,-0.0,-0.0,-0.0,-0.0,-0.0,-0.0,-0.0,-0.0,-0.0,-0.0,-0.0,-0.0,-0.0,-0.0,-0.0,-0.0,-0.0,-0.0,-0.0,-0.0,-0.0,-0.0,-0.0,-0.0,-0.0,-0.0,-0.0,-0.0,-0.0,-0.0,-0.0,-0.0,-0.0,-0.0,-0.0,-0.0,-0.0,-0.0,-0.0,-0.0,-0.0,-0.0,-0.0,-0.0,-0.0,-0.0,-0.0,-0.0,-0.0,-0.0,-0.0,-0.0,-0.0,-0.0,-0.0,-0.0,-0.0,-0.0,-0.0,-0.0,-0.0,-0.0,-0.0,-0.0,-0.0,-0.0,-0.0,-0.0,-0.0,-0.0,-0.0,-164.0,-0.0,-0.0,-0.0,-0.0,8.0,-0.0,-0.0,-0.0,-0.0,16.0,-0.0,-0.0,-0.0,-0.0,16.0,-0.0,-0.0,-0.0,-0.0,16.0,-0.0,-0.0,-0.0,-0.0,16.0
-0.0,-0.0,-0.0,-0.0,-0.0,-0.0,-0.0,-0.0,-0.0,-0.0,-0.0,-0.0,-0.0,-0.0,-0.0,-0.0,-0.0,-0.0,-0.0,-0.0,-0.0,-0.0,-0.0,-0.0,-0.0,-0.0,-0.0,-0.0,-0.0,-0.0,-0.0,-0.0,-0.0,-0.0,-0.0,-0.0,-0.0,-0.0,-0.0,-0.0,-0.0,-0.0,-0.0,-0.0,-0.0,-0.0,-0.0,-0.0,-0.0,-0.0,-0.0,-0.0,-0.0,-0.0,-0.0,-0.0,-0.0,-0.0,-0.0,-0.0,-0.0,-0.0,-0.0,-0.0,-0.0,-0.0,-0.0,-0.0,-0.0,-0.0,-0.0,-0.0,-0.0,-0.0,-0.0,-188.0,88.0,88.0,88.0,88.0,16.0,-0.0,-0.0,-0.0,-0.0,16.0,-0.0,-0.0,-0.0,-0.0,24.0,-0.0,-0.0,-0.0,-0.0,24.0,-0.0,-0.0,-0.0,-0.0
-0.0,-0.0,-0.0,-0.0,-0.0,-0.0,-0.0,-0.0,-0.0,-0.0,-0.0,-0.0,-0.0,-0.0,-0.0,-0.0,-0.0,-0.0,-0.0,-0.0,-0.0,-0.0,-0.0,-0.0,-0.0,-0.0,-0.0,-0.0,-0.0,-0.0,-0.0,-0.0,-0.0,-0.0,-0.0,-0.0,-0.0,-0.0,-0.0,-0.0,-0.0,-0.0,-0.0,-0.0,-0.0,-0.0,-0.0,-0.0,-0.0,-0.0,-0.0,-0.0,-0.0,-0.0,-0.0,-0.0,-0.0,-0.0,-0.0,-0.0,-0.0,-0.0,-0.0,-0.0,-0.0,-0.0,-0.0,-0.0,-0.0,-0.0,-0.0,-0.0,-0.0,-0.0,-0.0,-0.0,-188.0,88.0,88.0,88.0,-0.0,16.0,-0.0,-0.0,-0.0,-0.0,16.0,-0.0,-0.0,-0.0,-0.0,24.0,-0.0,-0.0,-0.0,-0.0,24.0,-0.0,-0.0,-0.0
-0.0,-0.0,-0.0,-0.0,-0.0,-0.0,-0.0,-0.0,-0.0,-0.0,-0.0,-0.0,-0.0,-0.0,-0.0,-0.0,-0.0,-0.0,-0.0,-0.0,-0.0,-0.0,-0.0,-0.0,-0.0,-0.0,-0.0,-0.0,-0.0,-0.0,-0.0,-0.0,-0.0,-0.0,-0.0,-0.0,-0.0,-0.0,-0.0,-0.0,-0.0,-0.0,-0.0,-0.0,-0.0,-0.0,-0.0,-0.0,-0.0,-0.0,-0.0,-0.0,-0.0,-0.0,-0.0,-0.0,-0.0,-0.0,-0.0,-0.0,-0.0,-0.0,-0.0,-0.0,-0.0,-0.0,-0.0,-0.0,-0.0,-0.0,-0.0,-0.0,-0.0,-0.0,-0.0,-0.0,-0.0,-184.0,88.0,88.0,-0.0,-0.0,16.0,-0.0,-0.0,-0.0,-0.0,16.0,-0.0,-0.0,-0.0,-0.0,24.0,-0.0,-0.0,-0.0,-0.0,24.0,-0.0,-0.0
-0.0,-0.0,-0.0,-0.0,-0.0,-0.0,-0.0,-0.0,-0.0,-0.0,-0.0,-0.0,-0.0,-0.0,-0.0,-0.0,-0.0,-0.0,-0.0,-0.0,-0.0,-0.0,-0.0,-0.0,-0.0,-0.0,-0.0,-0.0,-0.0,-0.0,-0.0,-0.0,-0.0,-0.0,-0.0,-0.0,-0.0,-0.0,-0.0,-0.0,-0.0,-0.0,-0.0,-0.0,-0.0,-0.0,-0.0,-0.0,-0.0,-0.0,-0.0,-0.0,-0.0,-0.0,-0.0,-0.0,-0.0,-0.0,-0.0,-0.0,-0.0,-0.0,-0.0,-0.0,-0.0,-0.0,-0.0,-0.0,-0.0,-0.0,-0.0,-0.0,-0.0,-0.0,-0.0,-0.0,-0.0,-0.0,-180.0,88.0,-0.0,-0.0,-0.0,16.0,-0.0,-0.0,-0.0,-0.0,16.0,-0.0,-0.0,-0.0,-0.0,24.0,-0.0,-0.0,-0.0,-0.0,24.0,-0.0
-0.0,-0.0,-0.0,-0.0,-0.0,-0.0,-0.0,-0.0,-0.0,-0.0,-0.0,-0.0,-0.0,-0.0,-0.0,-0.0,-0.0,-0.0,-0.0,-0.0,-0.0,-0.0,-0.0,-0.0,-0.0,-0.0,-0.0,-0.0,-0.0,-0.0,-0.0,-0.0,-0.0,-0.0,-0.0,-0.0,-0.0,-0.0,-0.0,-0.0,-0.0,-0.0,-0.0,-0.0,-0.0,-0.0,-0.0,-0.0,-0.0,-0.0,-0.0,-0.0,-0.0,-0.0,-0.0,-0.0,-0.0,-0.0,-0.0,-0.0,-0.0,-0.0,-0.0,-0.0,-0.0,-0.0,-0.0,-0.0,-0.0,-0.0,-0.0,-0.0,-0.0,-0.0,-0.0,-0.0,-0.0,-0.0,-0.0,-180.0,-0.0,-0.0,-0.0,-0.0,16.0,-0.0,-0.0,-0.0,-0.0,16.0,-0.0,-0.0,-0.0,-0.0,24.0,-0.0,-0.0,-0.0,-0.0,24.0
-0.0,-0.0,-0.0,-0.0,-0.0,-0.0,-0.0,-0.0,-0.0,-0.0,-0.0,-0.0,-0.0,-0.0,-0.0,-0.0,-0.0,-0.0,-0.0,-0.0,-0.0,-0.0,-0.0,-0.0,-0.0,-0.0,-0.0,-0.0,-0.0,-0.0,-0.0,-0.0,-0.0,-0.0,-0.0,-0.0,-0.0,-0.0,-0.0,-0.0,-0.0,-0.0,-0.0,-0.0,-0.0,-0.0,-0.0,-0.0,-0.0,-0.0,-0.0,-0.0,-0.0,-0.0,-0.0,-0.0,-0.0,-0.0,-0.0,-0.0,-0.0,-0.0,-0.0,-0.0,-0.0,-0.0,-0.0,-0.0,-0.0,-0.0,-0.0,-0.0,-0.0,-0.0,-0.0,-0.0,-0.0,-0.0,-0.0,-0.0,-208.0,88.0,88.0,88.0,88.0,24.0,-0.0,-0.0,-0.0,-0.0,24.0,-0.0,-0.0,-0.0,-0.0,24.0,-0.0,-0.0,-0.0,-0.0
-0.0,-0.0,-0.0,-0.0,-0.0,-0.0,-0.0,-0.0,-0.0,-0.0,-0.0,-0.0,-0.0,-0.0,-0.0,-0.0,-0.0,-0.0,-0.0,-0.0,-0.0,-0.0,-0.0,-0.0,-0.0,-0.0,-0.0,-0.0,-0.0,-0.0,-0.0,-0.0,-0.0,-0.0,-0.0,-0.0,-0.0,-0.0,-0.0,-0.0,-0.0,-0.0,-0.0,-0.0,-0.0,-0.0,-0.0,-0.0,-0.0,-0.0,-0.0,-0.0,-0.0,-0.0,-0.0,-0.0,-0.0,-0.0,-0.0,-0.0,-0.0,-0.0,-0.0,-0.0,-0.0,-0.0,-0.0,-0.0,-0.0,-0.0,-0.0,-0.0,-0.0,-0.0,-0.0,-0.0,-0.0,-0.0,-0.0,-0.0,-0.0,-204.0,88.0,88.0,88.0,-0.0,24.0,-0.0,-0.0,-0.0,-0.0,24.0,-0.0,-0.0,-0.0,-0.0,24.0,-0.0,-0.0,-0.0
-0.0,-0.0,-0.0,-0.0,-0.0,-0.0,-0.0,-0.0,-0.0,-0.0,-0.0,-0.0,-0.0,-0.0,-0.0,-0.0,-0.0,-0.0,-0.0,-0.0,-0.0,-0.0,-0.0,-0.0,-0.0,-0.0,-0.0,-0.0,-0.0,-0.0,-0.0,-0.0,-0.0,-0.0,-0.0,-0.0,-0.0,-0.0,-0.0,-0.0,-0.0,-0.0,-0.0,-0.0,-0.0,-0.0,-0.0,-0.0,-0.0,-0.0,-0.0,-0.0,-0.0,-0.0,-0.0,-0.0,-0.0,-0.0,-0.0,-0.0,-0.0,-0.0,-0.0,-0.0,-0.0,-0.0,-0.0,-0.0,-0.0,-0.0,-0.0,-0.0,-0.0,-0.0,-0.0,-0.0,-0.0,-0.0,-0.0,-0.0,-0.0,-0.0,-204.0,88.0,88.0,-0.0,-0.0,24.0,-0.0,-0.0,-0.0,-0.0,24.0,-0.0,-0.0,-0.0,-0.0,24.0,-0.0,-0.0
-0.0,-0.0,-0.0,-0.0,-0.0,-0.0,-0.0,-0.0,-0.0,-0.0,-0.0,-0.0,-0.0,-0.0,-0.0,-0.0,-0.0,-0.0,-0.0,-0.0,-0.0,-0.0,-0.0,-0.0,-0.0,-0.0,-0.0,-0.0,-0.0,-0.0,-0.0,-0.0,-0.0,-0.0,-0.0,-0.0,-0.0,-0.0,-0.0,-0.0,-0.0,-0.0,-0.0,-0.0,-0.0,-0.0,-0.0,-0.0,-0.0,-0.0,-0.0,-0.0,-0.0,-0.0,-0.0,-0.0,-0.0,-0.0,-0.0,-0.0,-0.0,-0.0,-0.0,-0.0,-0.0,-0.0,-0.0,-0.0,-0.0,-0.0,-0.0,-0.0,-0.0,-0.0,-0.0,-0.0,-0.0,-0.0,-0.0,-0.0,-0.0,-0.0,-0.0,-200.0,88.0,-0.0,-0.0,-0.0,24.0,-0.0,-0.0,-0.0,-0.0,24.0,-0.0,-0.0,-0.0,-0.0,24.0,-0.0
-0.0,-0.0,-0.0,-0.0,-0.0,-0.0,-0.0,-0.0,-0.0,-0.0,-0.0,-0.0,-0.0,-0.0,-0.0,-0.0,-0.0,-0.0,-0.0,-0.0,-0.0,-0.0,-0.0,-0.0,-0.0,-0.0,-0.0,-0.0,-0.0,-0.0,-0.0,-0.0,-0.0,-0.0,-0.0,-0.0,-0.0,-0.0,-0.0,-0.0,-0.0,-0.0,-0.0,-0.0,-0.0,-0.0,-0.0,-0.0,-0.0,-0.0,-0.0,-0.0,-0.0,-0.0,-0.0,-0.0,-0.0,-0.0,-0.0,-0.0,-0.0,-0.0,-0.0,-0.0,-0.0,-0.0,-0.0,-0.0,-0.0,-0.0,-0.0,-0.0,-0.0,-0.0,-0.0,-0.0,-0.0,-0.0,-0.0,-0.0,-0.0,-0.0,-0.0,-0.0,-196.0,-0.0,-0.0,-0.0,-0.0,24.0,-0.0,-0.0,-0.0,-0.0,24.0,-0.0,-0.0,-0.0,-0.0,24.0
-0.0,-0.0,-0.0,-0.0,-0.0,-0.0,-0.0,-0.0,-0.0,-0.0,-0.0,-0.0,-0.0,-0.0,-0.0,-0.0,-0.0,-0.0,-0.0,-0.0,-0.0,-0.0,-0.0,-0.0,-0.0,-0.0,-0.0,-0.0,-0.0,-0.0,-0.0,-0.0,-0.0,-0.0,-0.0,-0.0,-0.0,-0.0,-0.0,-0.0,-0.0,-0.0,-0.0,-0.0,-0.0,-0.0,-0.0,-0.0,-0.0,-0.0,-0.0,-0.0,-0.0,-0.0,-0.0,-0.0,-0.0,-0.0,-0.0,-0.0,-0.0,-0.0,-0.0,-0.0,-0.0,-0.0,-0.0,-0.0,-0.0,-0.0,-0.0,-0.0,-0.0,-0.0,-0.0,-0.0,-0.0,-0.0,-0.0,-0.0,-0.0,-0.0,-0.0,-0.0,-0.0,-228.0,88.0,88.0,88.0,88.0,24.0,-0.0,-0.0,-0.0,-0.0,32.0,-0.0,-0.0,-0.0,-0.0
-0.0,-0.0,-0.0,-0.0,-0.0,-0.0,-0.0,-0.0,-0.0,-0.0,-0.0,-0.0,-0.0,-0.0,-0.0,-0.0,-0.0,-0.0,-0.0,-0.0,-0.0,-0.0,-0.0,-0.0,-0.0,-0.0,-0.0,-0.0,-0.0,-0.0,-0.0,-0.0,-0.0,-0.0,-0.0,-0.0,-0.0,-0.0,-0.0,-0.0,-0.0,-0.0,-0.0,-0.0,-0.0,-0.0,-0.0,-0.0,-0.0,-0.0,-0.0,-0.0,-0.0,-0.0,-0.0,-0.0,-0.0,-0.0,-0.0,-0.0,-0.0,-0.0,-0.0,-0.0,-0.0,-0.0,-0.0,-0.0,-0.0,-0.0,-0.0,-0.0,-0.0,-0.0,-0.0,-0.0,-0.0,-0.0,-0.0,-0.0,-0.0,-0.0,-0.0,-0.0,-0.0,-0.0,-224.0,88.0,88.0,88.0,-0.0,24.0,-0.0,-0.0,-0.0,-0.0,32.0,-0.0,-0.0,-0.0
-0.0,-0.0,-0.0,-0.0,-0.0,-0.0,-0.0,-0.0,-0.0,-0.0,-0.0,-0.0,-0.0,-0.0,-0.0,-0.0,-0.0,-0.0,-0.0,-0.0,-0.0,-0.0,-0.0,-0.0,-0.0,-0.0,-0.0,-0.0,-0.0,-0.0,-0.0,-0.0,-0.0,-0.0,-0.0,-0.0,-0.0,-0.0,-0.0,-0.0,-0.0,-0.0,-0.0,-0.0,-0.0,-0.0,-0.0,-0.0,-0.0,-0.0,-0.0,-0.0,-0.0,-0.0,-0.0,-0.0,-0.0,-0.0,-0.0,-0.0,-0.0,-0.0,-0.0,-0.0,-0.0,-0.0,-0.0,-0.0,-0.0,-0.0,-0.0,-0.0,-0.0,-0.0,-0.0,-0.0,-0.0,-0.0,-0.0,-0.0,-0.0,-0.0,-0.0,-0.0,-0.0,-0.0,-0.0,-220.0,88.0,88.0,-0.0,-0.0,24.0,-0.0,-0.0,-0.0,-0.0,32.0,-0.0,-0.0
-0.0,-0.0,-0.0,-0.0,-0.0,-0.0,-0.0,-0.0,-0.0,-0.0,-0.0,-0.0,-0.0,-0.0,-0.0,-0.0,-0.0,-0.0,-0.0,-0.0,-0.0,-0.0,-0.0,-0.0,-0.0,-0.0,-0.0,-0.0,-0.0,-0.0,-0.0,-0.0,-0.0,-0.0,-0.0,-0.0,-0.0,-0.0,-0.0,-0.0,-0.0,-0.0,-0.0,-0.0,-0.0,-0.0,-0.0,-0.0,-0.0,-0.0,-0.0,-0.0,-0.0,-0.0,-0.0,-0.0,-0.0,-0.0,-0.0,-0.0,-0.0,-0.0,-0.0,-0.0,-0.0,-0.0,-0.0,-0.0,-0.0,-0.0,-0.0,-0.0,-0.0,-0.0,-0.0,-0.0,-0.0,-0.0,-0.0,-0.0,-0.0,-0.0,-0.0,-0.0,-0.0,-0.0,-0.0,-0.0,-216.0,88.0,-0.0,-0.0,-0.0,24.0,-0.0,-0.0,-0.0,-0.0,32.0,-0.0
-0.0,-0.0,-0.0,-0.0,-0.0,-0.0,-0.0,-0.0,-0.0,-0.0,-0.0,-0.0,-0.0,-0.0,-0.0,-0.0,-0.0,-0.0,-0.0,-0.0,-0.0,-0.0,-0.0,-0.0,-0.0,-0.0,-0.0,-0.0,-0.0,-0.0,-0.0,-0.0,-0.0,-0.0,-0.0,-0.0,-0.0,-0.0,-0.0,-0.0,-0.0,-0.0,-0.0,-0.0,-0.0,-0.0,-0.0,-0.0,-0.0,-0.0,-0.0,-0.0,-0.0,-0.0,-0.0,-0.0,-0.0,-0.0,-0.0,-0.0,-0.0,-0.0,-0.0,-0.0,-0.0,-0.0,-0.0,-0.0,-0.0,-0.0,-0.0,-0.0,-0.0,-0.0,-0.0,-0.0,-0.0,-0.0,-0.0,-0.0,-0.0,-0.0,-0.0,-0.0,-0.0,-0.0,-0.0,-0.0,-0.0,-216.0,-0.0,-0.0,-0.0,-0.0,24.0,-0.0,-0.0,-0.0,-0.0,32.0
-0.0,-0.0,-0.0,-0.0,-0.0,-0.0,-0.0,-0.0,-0.0,-0.0,-0.0,-0.0,-0.0,-0.0,-0.0,-0.0,-0.0,-0.0,-0.0,-0.0,-0.0,-0.0,-0.0,-0.0,-0.0,-0.0,-0.0,-0.0,-0.0,-0.0,-0.0,-0.0,-0.0,-0.0,-0.0,-0.0,-0.0,-0.0,-0.0,-0.0,-0.0,-0.0,-0.0,-0.0,-0.0,-0.0,-0.0,-0.0,-0.0,-0.0,-0.0,-0.0,-0.0,-0.0,-0.0,-0.0,-0.0,-0.0,-0.0,-0.0,-0.0,-0.0,-0.0,-0.0,-0.0,-0.0,-0.0,-0.0,-0.0,-0.0,-0.0,-0.0,-0.0,-0.0,-0.0,-0.0,-0.0,-0.0,-0.0,-0.0,-0.0,-0.0,-0.0,-0.0,-0.0,-0.0,-0.0,-0.0,-0.0,-0.0,-240.0,88.0,88.0,88.0,88.0,32.0,-0.0,-0.0,-0.0,-0.0
-0.0,-0.0,-0.0,-0.0,-0.0,-0.0,-0.0,-0.0,-0.0,-0.0,-0.0,-0.0,-0.0,-0.0,-0.0,-0.0,-0.0,-0.0,-0.0,-0.0,-0.0,-0.0,-0.0,-0.0,-0.0,-0.0,-0.0,-0.0,-0.0,-0.0,-0.0,-0.0,-0.0,-0.0,-0.0,-0.0,-0.0,-0.0,-0.0,-0.0,-0.0,-0.0,-0.0,-0.0,-0.0,-0.0,-0.0,-0.0,-0.0,-0.0,-0.0,-0.0,-0.0,-0.0,-0.0,-0.0,-0.0,-0.0,-0.0,-0.0,-0.0,-0.0,-0.0,-0.0,-0.0,-0.0,-0.0,-0.0,-0.0,-0.0,-0.0,-0.0,-0.0,-0.0,-0.0,-0.0,-0.0,-0.0,-0.0,-0.0,-0.0,-0.0,-0.0,-0.0,-0.0,-0.0,-0.0,-0.0,-0.0,-0.0,-0.0,-236.0,88.0,88.0,88.0,-0.0,32.0,-0.0,-0.0,-0.0
-0.0,-0.0,-0.0,-0.0,-0.0,-0.0,-0.0,-0.0,-0.0,-0.0,-0.0,-0.0,-0.0,-0.0,-0.0,-0.0,-0.0,-0.0,-0.0,-0.0,-0.0,-0.0,-0.0,-0.0,-0.0,-0.0,-0.0,-0.0,-0.0,-0.0,-0.0,-0.0,-0.0,-0.0,-0.0,-0.0,-0.0,-0.0,-0.0,-0.0,-0.0,-0.0,-0.0,-0.0,-0.0,-0.0,-0.0,-0.0,-0.0,-0.0,-0.0,-0.0,-0.0,-0.0,-0.0,-0.0,-0.0,-0.0,-0.0,-0.0,-0.0,-0.0,-0.0,-0.0,-0.0,-0.0,-0.0,-0.0,-0.0,-0.0,-0.0,-0.0,-0.0,-0.0,-0.0,-0.0,-0.0,-0.0,-0.0,-0.0,-0.0,-0.0,-0.0,-0.0,-0.0,-0.0,-0.0,-0.0,-0.0,-0.0,-0.0,-0.0,-232.0,88.0,88.0,-0.0,-0.0,32.0,-0.0,-0.0
-0.0,-0.0,-0.0,-0.0,-0.0,-0.0,-0.0,-0.0,-0.0,-0.0,-0.0,-0.0,-0.0,-0.0,-0.0,-0.0,-0.0,-0.0,-0.0,-0.0,-0.0,-0.0,-0.0,-0.0,-0.0,-0.0,-0.0,-0.0,-0.0,-0.0,-0.0,-0.0,-0.0,-0.0,-0.0,-0.0,-0.0,-0.0,-0.0,-0.0,-0.0,-0.0,-0.0,-0.0,-0.0,-0.0,-0.0,-0.0,-0.0,-0.0,-0.0,-0.0,-0.0,-0.0,-0.0,-0.0,-0.0,-0.0,-0.0,-0.0,-0.0,-0.0,-0.0,-0.0,-0.0,-0.0,-0.0,-0.0,-0.0,-0.0,-0.0,-0.0,-0.0,-0.0,-0.0,-0.0,-0.0,-0.0,-0.0,-0.0,-0.0,-0.0,-0.0,-0.0,-0.0,-0.0,-0.0,-0.0,-0.0,-0.0,-0.0,-0.0,-0.0,-228.0,88.0,-0.0,-0.0,-0.0,32.0,-0.0
-0.0,-0.0,-0.0,-0.0,-0.0,-0.0,-0.0,-0.0,-0.0,-0.0,-0.0,-0.0,-0.0,-0.0,-0.0,-0.0,-0.0,-0.0,-0.0,-0.0,-0.0,-0.0,-0.0,-0.0,-0.0,-0.0,-0.0,-0.0,-0.0,-0.0,-0.0,-0.0,-0.0,-0.0,-0.0,-0.0,-0.0,-0.0,-0.0,-0.0,-0.0,-0.0,-0.0,-0.0,-0.0,-0.0,-0.0,-0.0,-0.0,-0.0,-0.0,-0.0,-0.0,-0.0,-0.0,-0.0,-0.0,-0.0,-0.0,-0.0,-0.0,-0.0,-0.0,-0.0,-0.0,-0.0,-0.0,-0.0,-0.0,-0.0,-0.0,-0.0,-0.0,-0.0,-0.0,-0.0,-0.0,-0.0,-0.0,-0.0,-0.0,-0.0,-0.0,-0.0,-0.0,-0.0,-0.0,-0.0,-0.0,-0.0,-0.0,-0.0,-0.0,-0.0,-224.0,-0.0,-0.0,-0.0,-0.0,32.0
-0.0,-0.0,-0.0,-0.0,-0.0,-0.0,-0.0,-0.0,-0.0,-0.0,-0.0,-0.0,-0.0,-0.0,-0.0,-0.0,-0.0,-0.0,-0.0,-0.0,-0.0,-0.0,-0.0,-0.0,-0.0,-0.0,-0.0,-0.0,-0.0,-0.0,-0.0,-0.0,-0.0,-0.0,-0.0,-0.0,-0.0,-0.0,-0.0,-0.0,-0.0,-0.0,-0.0,-0.0,-0.0,-0.0,-0.0,-0.0,-0.0,-0.0,-0.0,-0.0,-0.0,-0.0,-0.0,-0.0,-0.0,-0.0,-0.0,-0.0,-0.0,-0.0,-0.0,-0.0,-0.0,-0.0,-0.0,-0.0,-0.0,-0.0,-0.0,-0.0,-0.0,-0.0,-0.0,-0.0,-0.0,-0.0,-0.0,-0.0,-0.0,-0.0,-0.0,-0.0,-0.0,-0.0,-0.0,-0.0,-0.0,-0.0,-0.0,-0.0,-0.0,-0.0,-0.0,-256.0,88.0,88.0,88.0,88.0
-0.0,-0.0,-0.0,-0.0,-0.0,-0.0,-0.0,-0.0,-0.0,-0.0,-0.0,-0.0,-0.0,-0.0,-0.0,-0.0,-0.0,-0.0,-0.0,-0.0,-0.0,-0.0,-0.0,-0.0,-0.0,-0.0,-0.0,-0.0,-0.0,-0.0,-0.0,-0.0,-0.0,-0.0,-0.0,-0.0,-0.0,-0.0,-0.0,-0.0,-0.0,-0.0,-0.0,-0.0,-0.0,-0.0,-0.0,-0.0,-0.0,-0.0,-0.0,-0.0,-0.0,-0.0,-0.0,-0.0,-0.0,-0.0,-0.0,-0.0,-0.0,-0.0,-0.0,-0.0,-0.0,-0.0,-0.0,-0.0,-0.0,-0.0,-0.0,-0.0,-0.0,-0.0,-0.0,-0.0,-0.0,-0.0,-0.0,-0.0,-0.0,-0.0,-0.0,-0.0,-0.0,-0.0,-0.0,-0.0,-0.0,-0.0,-0.0,-0.0,-0.0,-0.0,-0.0,-0.0,-252.0,88.0,88.0,88.0
-0.0,-0.0,-0.0,-0.0,-0.0,-0.0,-0.0,-0.0,-0.0,-0.0,-0.0,-0.0,-0.0,-0.0,-0.0,-0.0,-0.0,-0.0,-0.0,-0.0,-0.0,-0.0,-0.0,-0.0,-0.0,-0.0,-0.0,-0.0,-0.0,-0.0,-0.0,-0.0,-0.0,-0.0,-0.0,-0.0,-0.0,-0.0,-0.0,-0.0,-0.0,-0.0,-0.0,-0.0,-0.0,-0.0,-0.0,-0.0,-0.0,-0.0,-0.0,-0.0,-0.0,-0.0,-0.0,-0.0,-0.0,-0.0,-0.0,-0.0,-0.0,-0.0,-0.0,-0.0,-0.0,-0.0,-0.0,-0.0,-0.0,-0.0,-0.0,-0.0,-0.0,-0.0,-0.0,-0.0,-0.0,-0.0,-0.0,-0.0,-0.0,-0.0,-0.0,-0.0,-0.0,-0.0,-0.0,-0.0,-0.0,-0.0,-0.0,-0.0,-0.0,-0.0,-0.0,-0.0,-0.0,-248.0,88.0,88.0
-0.0,-0.0,-0.0,-0.0,-0.0,-0.0,-0.0,-0.0,-0.0,-0.0,-0.0,-0.0,-0.0,-0.0,-0.0,-0.0,-0.0,-0.0,-0.0,-0.0,-0.0,-0.0,-0.0,-0.0,-0.0,-0.0,-0.0,-0.0,-0.0,-0.0,-0.0,-0.0,-0.0,-0.0,-0.0,-0.0,-0.0,-0.0,-0.0,-0.0,-0.0,-0.0,-0.0,-0.0,-0.0,-0.0,-0.0,-0.0,-0.0,-0.0,-0.0,-0.0,-0.0,-0.0,-0.0,-0.0,-0.0,-0.0,-0.0,-0.0,-0.0,-0.0,-0.0,-0.0,-0.0,-0.0,-0.0,-0.0,-0.0,-0.0,-0.0,-0.0,-0.0,-0.0,-0.0,-0.0,-0.0,-0.0,-0.0,-0.0,-0.0,-0.0,-0.0,-0.0,-0.0,-0.0,-0.0,-0.0,-0.0,-0.0,-0.0,-0.0,-0.0,-0.0,-0.0,-0.0,-0.0,-0.0,-244.0,88.0
-0.0,-0.0,-0.0,-0.0,-0.0,-0.0,-0.0,-0.0,-0.0,-0.0,-0.0,-0.0,-0.0,-0.0,-0.0,-0.0,-0.0,-0.0,-0.0,-0.0,-0.0,-0.0,-0.0,-0.0,-0.0,-0.0,-0.0,-0.0,-0.0,-0.0,-0.0,-0.0,-0.0,-0.0,-0.0,-0.0,-0.0,-0.0,-0.0,-0.0,-0.0,-0.0,-0.0,-0.0,-0.0,-0.0,-0.0,-0.0,-0.0,-0.0,-0.0,-0.0,-0.0,-0.0,-0.0,-0.0,-0.0,-0.0,-0.0,-0.0,-0.0,-0.0,-0.0,-0.0,-0.0,-0.0,-0.0,-0.0,-0.0,-0.0,-0.0,-0.0,-0.0,-0.0,-0.0,-0.0,-0.0,-0.0,-0.0,-0.0,-0.0,-0.0,-0.0,-0.0,-0.0,-0.0,-0.0,-0.0,-0.0,-0.0,-0.0,-0.0,-0.0,-0.0,-0.0,-0.0,-0.0,-0.0,-0.0,-240.0
